year,lrf.m,lrf.sd,lrf.se,year,lff.m,lff.sd,lff.se,year,lcf.m,lcf.sd,lcf.se,year,stdi.m,stdi.sd,stdi.se,year,smdi.m,smdi.sd,smdi.se,year,tsdi.m,tsdi.sd,tsdi.se,year,leach.m,leach.sd,leach.se
11,12.2218191,0.669911847,0.191403385,11,1.809764578,0.124258009,0.035502288,11,0.061088983,0.00594633,0.001698951,11,-16.58683917,3.207388454,0.916396701,11,0.911107669,2.056338531,0.587525295,11,-17.32541346,2.803228547,0.800922442,11,0.717611462,0.201811165,0.057660333
12,14.81268837,0.778163514,0.222332433,12,2.176498299,0.147302645,0.04208647,12,0.113867853,0.01116313,0.003189466,12,-16.85003471,3.293928921,0.941122549,12,0.90983027,2.051784915,0.586224261,12,-17.58918647,2.908184968,0.830909991,12,0.717370422,0.201825044,0.057664298
13,18.00625849,0.730787594,0.208796456,13,2.632608693,0.139364583,0.039818452,13,0.193100876,0.019000895,0.005428827,13,-16.95240737,3.348959972,0.956845706,13,0.912885616,2.056502578,0.587572165,13,-17.6940333,2.968907852,0.848259386,13,0.717129526,0.201838931,0.057668266
14,21.11656916,0.705996229,0.201713208,14,3.076268406,0.134491126,0.038426036,14,0.295589244,0.029243828,0.00835538,14,-17.10576931,3.393306437,0.969516125,14,0.916564378,2.062618806,0.589319659,14,-17.85030531,3.014583022,0.861309435,14,0.716888774,0.201852827,0.057672236
15,24.05061529,0.698719022,0.199634006,15,3.493723734,0.13213792,0.037753691,15,0.419618408,0.041753946,0.011929699,15,-17.29303957,3.435433132,0.981552324,15,0.920343648,2.068968504,0.591133858,15,-18.04058515,3.057874098,0.873678314,15,0.716648165,0.201866732,0.057676209
16,26.79965227,0.70461292,0.201317977,16,3.883588829,0.131493243,0.037569498,16,0.56379762,0.056435854,0.01612453,16,-17.50222635,3.478251196,0.993786056,16,0.92412517,2.075329979,0.592951423,16,-18.25279652,3.102334921,0.886381406,16,0.7164077,0.201880646,0.057680184
17,29.42666934,0.724918859,0.207119674,17,4.248948809,0.132402267,0.037829219,17,0.726870055,0.073205385,0.020915824,17,-17.74503216,3.514309076,1.004088308,17,0.91560929,2.062347735,0.58924221,17,-18.48860265,3.149805858,0.899944531,17,0.71526593,0.201946945,0.057699127
18,31.94228142,0.758655504,0.216758715,18,4.591393645,0.13479511,0.038512889,18,0.907679207,0.091983631,0.026281038,18,-18.00899634,3.550381827,1.014394808,18,0.903607211,2.04396138,0.583988966,18,-18.74273295,3.200044217,0.914298348,18,0.713874139,0.202028283,0.057722367
19,34.34784042,0.803614418,0.229604119,19,4.912221743,0.138576977,0.039593422,19,1.105151246,0.112694779,0.032198508,19,-18.28619306,3.588592495,1.025312141,19,0.89157432,2.025611995,0.578746284,19,-19.01007889,3.252407533,0.929259295,19,0.712487135,0.202109912,0.057745689
20,36.64946095,0.858035013,0.245152861,20,5.212862684,0.143651928,0.041043408,20,1.318287261,0.135265697,0.038647342,20,-18.57362075,3.628479878,1.036708537,20,0.879506638,2.007292686,0.573512196,20,-19.28763363,3.30632263,0.944663609,20,0.711104613,0.202191842,0.057769098
21,38.85395159,0.920480309,0.262994374,21,5.494702888,0.149905577,0.042830165,21,1.546158333,0.159625996,0.045607427,21,-18.86923292,3.669646207,1.048470345,21,0.867403043,1.98900437,0.568286963,21,-19.57334855,3.361314497,0.96037557,21,0.709727087,0.202274037,0.057792582
22,40.9645747,0.989492507,0.282712145,22,5.763673293,0.157396994,0.04497057,22,1.7878963,0.185706996,0.053059142,22,-19.17943096,3.707032793,1.059152227,22,0.847423017,1.958738026,0.559639436,22,-19.86723639,3.417348778,0.976385365,22,0.706337677,0.202478655,0.057851044
23,42.98602696,1.063858374,0.303959536,23,6.023265456,0.166025415,0.047435833,23,2.042697153,0.213443422,0.060983835,23,-19.50134085,3.741953147,1.069129471,23,0.821223557,1.919325599,0.548378743,23,-20.16777415,3.474099239,0.992599783,23,0.701411803,0.202782042,0.057937726
24,43.93537627,1.121012988,0.320289425,24,6.273083939,0.175480037,0.050137153,24,2.309816428,0.242773343,0.069363812,24,-19.73644798,3.765638226,1.075896636,24,0.793830733,1.877663961,0.536475417,24,-20.38068446,3.518319855,1.005234244,24,0.696545643,0.203088715,0.058025347
25,45.01651816,1.189617687,0.339890768,25,6.513561101,0.185522004,0.053006287,25,2.588558949,0.273636652,0.078181901,25,-19.99497417,3.788768835,1.082505381,25,0.767188751,1.838264049,0.5252183,25,-20.61746659,3.560311029,1.017231723,25,0.69173751,0.2033985,0.058113857
26,46.06651943,1.267139582,0.362039881,26,6.745275734,0.195998714,0.055999632,26,2.87827811,0.305975645,0.087421613,26,-20.27593869,3.814242463,1.089783561,26,0.74064395,1.799693907,0.514198259,26,-20.87678402,3.603901232,1.029686066,26,0.68698578,0.20371123,0.058203209
27,47.09239797,1.347405961,0.384973132,27,6.971620744,0.206887486,0.05911071,27,3.177652637,0.33966753,0.097047866,27,-20.56366628,3.844874771,1.098535649,27,0.718422561,1.766122216,0.504606347,27,-21.14643972,3.649338499,1.042668142,27,0.681150252,0.204104195,0.058315484
28,48.10517993,1.428158889,0.408045397,28,7.197761003,0.218221698,0.062349057,28,3.485406577,0.374589746,0.107025642,28,-20.85043694,3.880794089,1.108798311,28,0.703208943,1.741851566,0.497671876,28,-21.42087614,3.695818375,1.055948107,28,0.673226133,0.204653423,0.058472407
29,49.09633978,1.50818098,0.430908851,29,7.422314395,0.22982571,0.065664489,29,3.800393153,0.410627725,0.117322207,29,-21.13853724,3.917489813,1.119282804,29,0.68798492,1.717781499,0.490794714,29,-21.6966387,3.742696945,1.069341984,29,0.665454745,0.20520941,0.05863126
30,50.00713789,1.58649597,0.453284563,30,7.64507563,0.24157576,0.069021646,30,4.121719373,0.447689523,0.127911292,30,-21.42016816,3.953652742,1.129615069,30,0.672686224,1.693762664,0.48393219,30,-21.96588099,3.788596204,1.082456058,30,0.65783031,0.205771442,0.05879184
31,50.80228104,1.662686339,0.47505324,31,7.86607543,0.253411405,0.072403259,31,4.448490698,0.485681181,0.138766052,31,-21.69099791,3.988223869,1.139492534,31,0.657305731,1.669782422,0.477080692,31,-22.22426188,3.832392671,1.094969334,31,0.650347609,0.206338839,0.058953954
32,51.50390128,1.736878202,0.496250915,32,8.086356785,0.26531938,0.075805537,32,4.779709891,0.524497119,0.14985632,32,-21.95352662,4.021168119,1.148905177,32,0.641955299,1.64606725,0.470304929,32,-22.4743647,3.874016222,1.106861778,32,0.642649,0.206938822,0.059125378
33,52.19695608,1.809376983,0.516964852,33,8.312712989,0.277415579,0.079261594,33,5.11590046,0.564173454,0.161192415,33,-22.21618421,4.053277512,1.158079289,33,0.627590003,1.623264066,0.463789733,33,-22.72537316,3.9146242,1.118464057,33,0.632570974,0.20774886,0.059356817
34,52.95444716,1.880261663,0.537217618,34,8.543081325,0.289627139,0.082750611,34,5.456778102,0.604672615,0.172763604,34,-22.48515315,4.084969858,1.167134245,34,0.614455853,1.600397749,0.4572565,34,-22.98365439,3.955541607,1.130154745,34,0.622738708,0.208565758,0.059590216
35,53.74930675,1.949346898,0.556956257,35,8.776810312,0.301893381,0.086255252,35,5.801927323,0.645943175,0.184555193,35,-22.75715924,4.117534442,1.176438412,35,0.601325286,1.577736691,0.450781912,35,-23.24497989,3.99701385,1.142003957,35,0.613140502,0.209388265,0.059825219
36,54.43533203,2.01621311,0.576060889,36,9.013556568,0.314196917,0.089770548,36,6.151352231,0.687973146,0.196563756,36,-23.01637836,4.148810652,1.185374472,36,0.58806773,1.554948859,0.444271102,36,-23.49343211,4.03683127,1.153380363,36,0.603765469,0.210215266,0.060061505
37,54.84064007,2.080483842,0.594423955,37,9.25307252,0.3265354,0.093295829,37,6.505592725,0.730801921,0.208800549,37,-23.24635049,4.175734184,1.19306691,37,0.574601067,1.531816378,0.437661822,37,-23.71248634,4.071829229,1.16337978,37,0.594603467,0.21104576,0.060298789
38,55.0357133,2.141752711,0.611929346,38,9.481773095,0.338571279,0.096734651,38,6.862277975,0.77418671,0.221196203,38,-23.50094299,4.184834819,1.195667091,38,0.51496305,1.431958715,0.409131061,38,-23.91864169,4.104738664,1.172782476,38,0.58991256,0.211479412,0.060422689
39,55.06813073,2.200500071,0.628714306,39,9.702107553,0.350482985,0.100137996,39,7.221299995,0.818108192,0.233745198,39,-23.74066229,4.194238395,1.198353827,39,0.457418789,1.325458177,0.378702336,39,-24.11168952,4.134614943,1.181318555,39,0.585747333,0.211869222,0.060534063
40,54.98833934,2.25604585,0.644584529,40,9.915653081,0.362333434,0.103523838,40,7.584047921,0.862685253,0.246481501,40,-23.97330939,4.205863464,1.201675275,40,0.400189206,1.223807232,0.349659209,40,-24.29792678,4.162188532,1.189196724,40,0.581624495,0.212259444,0.060645555
41,54.79539886,2.307939707,0.659411345,41,10.12315037,0.374140276,0.106897222,41,7.950548504,0.907911535,0.259403296,41,-24.19840369,4.22004032,1.205725806,41,0.342883359,1.128485342,0.322424383,41,-24.47655672,4.187881332,1.196537524,41,0.577543387,0.212649984,0.060757138
42,54.47685533,2.356004722,0.673144206,42,10.32513834,0.385912969,0.110260848,42,8.320833577,0.953785989,0.272510282,42,-24.40508119,4.230387951,1.208682272,42,0.293434732,1.038206188,0.29663034,42,-24.6430574,4.210380853,1.202965958,42,0.573503171,0.213040769,0.060868791
43,53.99666524,2.400548992,0.68587114,43,10.51784704,0.397666746,0.11361907,43,8.69494419,1.000311743,0.285803355,43,-24.55258308,4.243485793,1.212424512,43,0.287516476,1.025707202,0.293059201,43,-24.78574756,4.226410071,1.207545735,43,0.570843116,0.213300308,0.060942945
44,53.37717537,2.44104388,0.697441108,44,10.7007982,0.409323555,0.116949587,44,9.071459366,1.047341562,0.299240446,44,-24.6685831,4.258011059,1.216574588,44,0.298844493,1.049314691,0.299804198,44,-24.91099181,4.238222512,1.210920718,44,0.56882834,0.213498071,0.060999449
45,52.67687158,2.476784371,0.707652677,45,10.87529641,0.420850324,0.12024295,45,9.44878294,1.094709033,0.312774009,45,-24.77599035,4.270438377,1.220125251,45,0.310171416,1.073311503,0.306660429,45,-25.02764112,4.247766027,1.213647436,45,0.566823772,0.213695841,0.061055955
46,52.06250434,2.506723264,0.716206647,46,11.04210924,0.432242738,0.123497925,46,9.827092531,1.14241451,0.326404146,46,-24.88782614,4.281231244,1.223208927,46,0.323555537,1.097358886,0.31353111,46,-25.15035078,4.257128604,1.216322458,46,0.56482893,0.213893648,0.061112471
47,51.48873821,2.531484937,0.723281411,47,11.20182792,0.443488801,0.126711086,47,10.20727669,1.190532678,0.340152194,47,-24.99823698,4.291317722,1.226090778,47,0.338939928,1.121442371,0.320412106,47,-25.27324153,4.266609341,1.21903124,47,0.562843909,0.214091465,0.06116899
48,50.96295337,2.551637863,0.72903939,48,11.34957896,0.454484597,0.129852742,48,10.58898267,1.239011227,0.354003208,48,-25.11960667,4.301048746,1.22887107,48,0.340416109,1.123790294,0.321082941,48,-25.39581229,4.277292503,1.222083572,48,0.56248082,0.214127755,0.061179359
49,50.58039994,2.567293815,0.733512519,49,11.48115268,0.465169074,0.13290545,49,10.97113209,1.287736822,0.367924806,49,-25.26141753,4.311346067,1.231813162,49,0.325603676,1.100608006,0.31445943,49,-25.52560859,4.29029388,1.225798251,49,0.564017313,0.213974411,0.061135546
50,50.30661395,2.579665299,0.737047228,50,11.5994417,0.475597879,0.135885108,50,11.35346212,1.336682475,0.381909279,50,-25.40244585,4.321936279,1.234838937,50,0.312172511,1.077598684,0.307885338,50,-25.6557322,4.303861632,1.229674752,50,0.565559493,0.213821091,0.06109174
51,50.12134349,2.589748829,0.739928237,51,11.7057726,0.485765356,0.138790102,51,11.73612625,1.385846059,0.395956017,51,-25.53850044,4.330675099,1.237335743,51,0.301165161,1.054270039,0.301220011,51,-25.78281523,4.317182505,1.233480716,51,0.567107785,0.213667759,0.061047931
52,49.94637542,2.598613711,0.74246106,52,11.80109176,0.495647805,0.141613659,52,12.11914116,1.435218577,0.410062451,52,-25.66490737,4.338666909,1.239619117,52,0.290162272,1.031163954,0.294618273,52,-25.90025732,4.329501299,1.237000371,52,0.568662045,0.213514439,0.061004126
53,49.79637047,2.606173298,0.744620942,53,11.88858234,0.505175929,0.14433598,53,12.50165275,1.484695848,0.424198814,53,-25.79828226,4.336786634,1.239081895,53,0.265170042,0.970764675,0.277361336,53,-26.01311372,4.34080925,1.240231214,53,0.569471175,0.213434862,0.060981389
54,49.67507483,2.61198047,0.746280134,54,11.97580728,0.514239884,0.146925681,54,12.88271868,1.534146134,0.438327467,54,-25.97405018,4.314829852,1.232808529,54,0.193999889,0.802762108,0.229360602,54,-26.13032675,4.352447984,1.243556567,54,0.567908446,0.213588703,0.061025344
55,49.67239309,2.616423862,0.747549675,55,12.0611017,0.523015745,0.14943307,55,13.26251762,1.583612028,0.452460579,55,-26.15336714,4.30421922,1.22977692,55,0.124855588,0.662313455,0.189232416,55,-26.25275009,4.365186184,1.247196053,55,0.56635175,0.213742557,0.061069302
56,49.76070498,2.620476337,0.748707525,56,12.14429534,0.531599274,0.151885507,56,13.64111713,1.633074513,0.466592718,56,-26.30562436,4.300387595,1.22868217,56,0.086153452,0.54460902,0.155602577,56,-26.37297576,4.37869114,1.251054612,56,0.564801041,0.213896421,0.061113263
57,49.92925926,2.624612787,0.749889368,57,12.22536011,0.539967175,0.154276336,57,14.01839666,1.682578759,0.480736788,57,-26.44432656,4.31807784,1.233736526,57,0.062417479,0.441358224,0.12610235,57,-26.49246455,4.395416968,1.25583342,57,0.563256272,0.214050291,0.061157226
58,50.05246835,2.629850379,0.751385823,58,12.3044666,0.548127357,0.156607816,58,14.39410731,1.732097948,0.494885128,58,-26.56314159,4.349260625,1.242645893,58,0.048372514,0.342045328,0.097727237,58,-26.60044061,4.412846848,1.260813385,58,0.561691984,0.214206709,0.061201917
59,50.15523384,2.635650553,0.753043015,59,12.38584286,0.556040898,0.158868828,59,14.76888107,1.781604141,0.509029755,59,-26.66452762,4.364453267,1.246986648,59,0.045052081,0.318566317,0.091018948,59,-26.69926494,4.424577776,1.264165079,59,0.558893972,0.214488005,0.061282287
60,50.24508187,2.64171236,0.75477496,60,12.46833911,0.563712636,0.161060753,60,15.14334038,1.831164221,0.523189777,60,-26.7625372,4.379051989,1.251157711,60,0.041728047,0.295061853,0.084303387,60,-26.79471012,4.435567285,1.267304939,60,0.556115428,0.214769258,0.061362645
61,50.36558623,2.646500934,0.756143124,61,12.55186615,0.570894895,0.163112827,61,15.51814412,1.880600532,0.537314438,61,-26.84914002,4.367973248,1.247992357,61,0.038402657,0.271547795,0.077585084,61,-26.87874732,4.421136446,1.263181842,61,0.553355715,0.215050485,0.061442996
62,50.51502209,2.643428322,0.755265235,62,12.63747753,0.576002334,0.164572095,62,15.89421072,1.92863868,0.551039623,62,-26.85488618,4.220669014,1.205905433,62,0.035074592,0.248014821,0.070861377,62,-26.88192609,4.272400019,1.22068572,62,0.550614945,0.215331629,0.061523323
63,50.69814087,2.625743105,0.750212316,63,12.72745653,0.577394849,0.164969957,63,16.27466214,1.973720531,0.563920152,63,-26.67255081,3.869471519,1.105563291,63,0.031032486,0.219432813,0.062695089,63,-26.69702099,3.909144846,1.116898528,63,0.547892679,0.21561269,0.061603626
64,50.95226746,2.604227897,0.744065113,64,12.82334582,0.577595184,0.165027195,64,16.65839105,2.017885398,0.576538685,64,-26.54739549,3.622310657,1.034945902,64,0.030303319,0.214276823,0.061221949,64,-26.57153121,3.658676124,1.045336036,64,0.544013945,0.216016264,0.061718932
65,51.26755283,2.582898896,0.737971113,65,12.92395255,0.577699204,0.165056915,65,17.04402335,2.061484016,0.588995433,65,-26.4643207,3.430717479,0.980204994,65,0.030392095,0.214904563,0.061401304,65,-26.48868177,3.465675576,0.990193022,65,0.539882065,0.216450178,0.061842908
66,51.63793843,2.559191826,0.731197665,66,13.02915613,0.576983671,0.164852477,66,17.43121797,2.104004468,0.601144134,66,-26.35966183,3.236204336,0.92462981,66,0.03047871,0.215517022,0.061576292,66,-26.38424883,3.269697055,0.934199159,66,0.535792098,0.216883732,0.061966781
67,51.90663799,2.533541704,0.723869058,67,13.13887117,0.575211286,0.164346082,67,17.819443,2.14524267,0.612926477,67,-26.216387,3.019929499,0.862837,67,0.030557445,0.216073767,0.061735362,67,-26.24119615,3.052061868,0.872017677,67,0.531743024,0.217316889,0.06209054
68,52.07230488,2.506314165,0.716089761,68,13.25305414,0.572493825,0.163569664,68,18.20857311,2.185132757,0.624323645,68,-26.03063075,2.791372425,0.797534978,68,0.030630666,0.216591515,0.06188329,68,-26.05565926,2.822175363,0.806335818,68,0.527734381,0.217749556,0.062214159
69,52.15520909,2.480085332,0.708595809,69,13.36755492,0.569734705,0.162781344,69,18.59757685,2.224217064,0.63549059,69,-25.87392692,2.612727636,0.74649361,69,0.029516315,0.208711868,0.059631962,69,-25.89816869,2.641219652,0.754634186,69,0.524586684,0.218091959,0.062311988
70,52.35907835,2.452744954,0.700784272,70,13.48068113,0.567179588,0.162051311,70,18.98625345,2.262670863,0.646477389,70,-25.74916066,2.465231475,0.70435185,70,0.027562398,0.194895589,0.055684454,70,-25.77189204,2.490997349,0.711713528,70,0.522054531,0.218369094,0.06239117
71,52.7107806,2.423442617,0.692412176,71,13.59352987,0.564615358,0.161318674,71,19.37496526,2.300515165,0.657290047,71,-25.62751264,2.316547735,0.661870781,71,0.025626967,0.181210023,0.051774292,71,-25.64873579,2.339697546,0.668485013,71,0.519538351,0.218645968,0.062470277
72,53.17535089,2.392885252,0.6836815,72,13.7064356,0.561837157,0.160524902,72,19.76319257,2.337566034,0.66787601,72,-25.5037278,2.181853571,0.623386734,72,0.023706558,0.167630676,0.047894479,72,-25.52344238,2.202335818,0.629238805,72,0.517037774,0.218922588,0.062549311
73,53.61952626,2.363441915,0.675269119,73,13.81964909,0.558855201,0.159672915,73,20.15005638,2.373711617,0.678203319,73,-25.35745621,2.047128663,0.584893904,73,0.021796744,0.154126256,0.044036073,73,-25.37565853,2.065098692,0.590028198,73,0.514552442,0.219198961,0.062628274
74,54.01459496,2.332405899,0.666401685,74,13.94121494,0.554915785,0.158547367,74,20.53634008,2.408069937,0.688019982,74,-25.07819075,1.849244122,0.528355464,74,0.019446954,0.13751073,0.03928878,74,-25.09453172,1.864442862,0.53269796,74,0.510474802,0.219655495,0.062758713
75,54.39369516,2.294132787,0.655466511,75,14.08299245,0.548846855,0.156813387,75,20.92547009,2.439525504,0.697007287,75,-24.56980666,1.574674819,0.449907091,75,0.016337014,0.115520131,0.033005752,75,-24.58366874,1.58629215,0.453226329,75,0.503623567,0.220431161,0.062980332
76,54.76097554,2.251246081,0.643213166,76,14.23983713,0.541522873,0.154720821,76,21.31724347,2.468385507,0.705253002,76,-24.01396715,1.411561386,0.403303253,76,0.013283234,0.093926646,0.026836185,76,-24.02534786,1.419139865,0.405468533,76,0.496886802,0.221204285,0.063201224
77,55.12452722,2.208787317,0.631082091,77,14.41142906,0.534415315,0.15269009,77,21.7136009,2.496314308,0.713232659,77,-23.32759641,1.290919,0.368834,77,0.010284385,0.072721583,0.020777595,77,-23.33649339,1.295544111,0.37015546,77,0.490260903,0.221974656,0.06342133
78,55.48846276,2.170308569,0.620088163,78,14.59775111,0.528392749,0.150969357,78,22.11606527,2.524672294,0.721334941,78,-22.50233425,1.208951132,0.345414609,78,0.007339472,0.051897907,0.014827974,78,-22.50874515,1.211732191,0.346209198,78,0.48374197,0.22274214,0.063640612
79,55.97823708,2.135720558,0.610205874,79,14.7925124,0.523966437,0.149704696,79,22.52441597,2.55430554,0.729801583,79,-21.63995212,1.179081122,0.336880321,79,0.004655643,0.032920368,0.00940582,79,-21.64405616,1.180616137,0.337318896,79,0.47843994,0.223373274,0.063820935
80,56.65361841,2.106512737,0.601860782,80,14.96332557,0.521466589,0.148990454,80,22.93491322,2.5854601,0.738702886,80,-20.96971236,1.187143887,0.339183968,80,0.003277455,0.023175109,0.00662146,80,-20.97261985,1.188070675,0.339448764,80,0.48002255,0.22318424,0.063766926
81,57.47718837,2.08262132,0.595034663,81,15.11999303,0.520065659,0.148590188,81,23.34840234,2.618249097,0.748071171,81,-20.278537,1.195161042,0.341474584,81,0.001914987,0.013541003,0.003868858,81,-20.28024663,1.195649173,0.34161405,81,0.48161155,0.222994995,0.063712856
82,58.31097239,2.064880257,0.589965788,82,15.26588734,0.519330052,0.148380015,82,23.7651955,2.652843399,0.757955257,82,-19.55133085,1.176731329,0.336208951,82,0.000567808,0.004015009,0.001147145,82,-19.551841,1.176875815,0.336250233,82,0.483206837,0.22280556,0.063658731
83,59.04215387,2.053024582,0.586578452,83,15.40226878,0.519103846,0.148315385,83,24.18522514,2.688990318,0.768282948,83,-18.80174598,1.151340176,0.328954336,83,-0.000763682,0.005400049,0.001542871,83,-18.80105546,1.15113973,0.328897066,83,0.484808461,0.222615937,0.063604553
84,59.71360476,2.045084681,0.584309909,84,15.52998148,0.519303373,0.148372392,84,24.60851167,2.7265717,0.779020486,84,-18.03587815,1.12158919,0.320454054,84,-0.002079136,0.014701715,0.00420049,84,-18.0339862,1.121014595,0.320289884,84,0.486416471,0.222426128,0.063550322
85,60.11645203,2.039904056,0.58282973,85,15.65173101,0.519583888,0.148452539,85,25.02103392,2.76322293,0.789492266,85,-18.01158336,1.176606294,0.336173227,85,-0.003370319,0.023831752,0.006809072,85,-18.0085213,1.17583385,0.335952529,85,0.48425047,0.222681936,0.06362341
86,60.0840154,2.03947176,0.582706217,86,15.76910343,0.520241942,0.148640555,86,25.42486884,2.799535508,0.799867288,86,-18.07247032,1.238946785,0.353984796,86,-0.004663973,0.03297927,0.009422648,86,-18.06824222,1.238085726,0.353738779,86,0.481770718,0.222976069,0.063707448
87,59.71970068,2.041749608,0.583357031,87,15.88353278,0.521224143,0.148921184,87,25.82120504,2.835624896,0.810178542,87,-18.14810457,1.300791508,0.371654717,87,-0.005961653,0.042155254,0.012044358,87,-18.14271181,1.299914806,0.37140423,87,0.479306277,0.223269727,0.063791351
88,59.21343972,2.043991057,0.583997445,88,15.99550759,0.522493884,0.149283967,88,26.21030412,2.871464782,0.820418509,88,-18.24374531,1.362791715,0.389369061,88,-0.007264708,0.051369246,0.014676927,88,-18.23718817,1.361962309,0.389132088,88,0.476856654,0.223562937,0.063875125
89,58.82011129,2.042818434,0.58366241,89,16.10524122,0.524023367,0.149720962,89,26.59221254,2.907014421,0.830575549,89,-18.36985157,1.425804697,0.40737277,89,-0.008575318,0.060636654,0.017324758,89,-18.36212851,1.425079746,0.407165642,89,0.474421975,0.223855655,0.063958759
90,58.51572057,2.040982026,0.583137722,90,16.22023056,0.5260338,0.150295372,90,26.98375292,2.944944475,0.841412707,90,-17.68101925,1.384602426,0.395600693,90,-0.008742294,0.061817352,0.0176621,90,-17.67309439,1.383876926,0.395393407,90,0.473958424,0.223911533,0.063974724
91,58.38882577,2.037120498,0.582034428,91,16.33978436,0.528269364,0.150934104,91,27.38787961,2.985315834,0.852947381,91,-16.6117008,1.296107189,0.37031634,91,-0.008423868,0.059565743,0.017018784,91,-16.60398653,1.295291603,0.370083315,91,0.474336013,0.223866014,0.063961718
92,58.65002511,2.029395526,0.579827293,92,16.46042944,0.530619499,0.151605571,92,27.80156287,3.027514878,0.865004251,92,-15.51773086,1.204797381,0.344227823,92,-0.00811436,0.057377189,0.016393483,92,-15.51022461,1.2038547,0.343958486,92,0.474713956,0.223820483,0.063948709
93,59.20487013,2.02119151,0.577483289,93,16.5809791,0.533072678,0.152306479,93,28.22392408,3.071420265,0.877548647,93,-14.40061028,1.110204882,0.317201395,93,-0.007811342,0.055234529,0.015781294,93,-14.39331119,1.109085286,0.31688151,93,0.475092101,0.223774958,0.063935702
94,59.75094034,2.016536269,0.57615322,94,16.70118072,0.535600202,0.153028629,94,28.6534656,3.115696485,0.890198996,94,-13.2515808,1.01154297,0.289012277,94,-0.007511775,0.053116273,0.015176078,94,-13.24449063,1.010174654,0.28862133,94,0.475470754,0.223729404,0.063922687
95,60.45082868,2.014023237,0.57543521,95,16.83466784,0.538315189,0.15380434,95,29.09460514,3.159975892,0.902850255,95,-11.80128761,0.87820313,0.25091518,95,-0.007721366,0.054598301,0.015599515,95,-11.79390408,0.876050403,0.250300115,95,0.47392753,0.223915259,0.063975788
96,60.30088696,2.02010806,0.577173731,96,16.99188612,0.541298466,0.154656705,96,29.55084959,3.203629564,0.915322733,96,-10.00770401,0.70951679,0.202719083,96,-0.008450786,0.05975608,0.017073166,96,-9.999490817,0.705409155,0.201545473,96,0.470325814,0.224351035,0.064100296
97,59.69040425,2.02892918,0.579694051,97,17.1663487,0.544498445,0.155570984,97,30.01967936,3.246536934,0.927581981,97,-8.176874855,0.545302562,0.155800732,97,-0.009152511,0.064718025,0.018490864,97,-8.16783521,0.537757067,0.153644876,97,0.466755985,0.224785717,0.064224491
98,59.33596422,2.034068221,0.581162349,98,17.35531523,0.547912203,0.156546344,98,30.49909948,3.287862631,0.939389323,98,-6.327897357,0.394264525,0.112647007,98,-0.00983471,0.069541904,0.019869115,98,-6.318027047,0.380269152,0.108648329,98,0.463217484,0.225219283,0.064348367
99,59.08599135,2.036637579,0.581896451,99,17.55747517,0.551535242,0.157581498,99,30.98785145,3.32689396,0.950541131,99,-4.460257001,0.279577152,0.079879186,99,-0.010495125,0.07421174,0.021203354,99,-4.44955438,0.253619443,0.072462698,99,0.459709765,0.225651714,0.064471918
100,58.88897996,2.037275606,0.582078745,100,17.77673892,0.555369375,0.158676964,100,31.48157789,3.363416817,0.960976233,100,-2.752301319,0.254460211,0.072702917,100,-0.011274373,0.079721855,0.022777673,100,-2.740644053,0.218040872,0.062297392,100,0.454462032,0.226303524,0.06465815
101,58.72690745,2.0360288,0.581722514,101,18.02483306,0.559494441,0.159855555,101,31.96798821,3.394008103,0.969716601,101,-1.53737418,0.290353232,0.082958066,101,-0.012435226,0.087930325,0.02512295,101,-1.524415257,0.251540608,0.071868745,101,0.444348474,0.227576001,0.065021715
102,58.5969336,2.034303948,0.581229699,102,18.29739885,0.564140332,0.161182952,102,32.44765596,3.416947058,0.976270588,102,-0.334595111,0.356321171,0.101806049,102,-0.013577923,0.096010412,0.027431546,102,-0.320333518,0.318961351,0.091131814,102,0.434482254,0.228837747,0.065382213
103,58.49809131,2.032409622,0.580688463,103,18.59310836,0.569239085,0.162639739,103,32.92064275,3.43176122,0.980503206,103,0.864659948,0.439718852,0.125633958,103,-0.014702754,0.103964168,0.029704048,103,0.880225072,0.404400085,0.115542882,103,0.424851827,0.230088438,0.065739554
104,58.418886,2.030598685,0.580171053,104,18.91068378,0.574784269,0.164224077,104,33.38772868,3.439198602,0.982628172,104,2.062839571,0.532941881,0.152269109,104,-0.01580985,0.111792519,0.03194072,104,2.07970889,0.499250784,0.142643081,104,0.415445926,0.231327888,0.066093682
105,58.35978098,2.028932917,0.579695119,105,19.24519235,0.580748201,0.165928057,105,33.84851873,3.439248787,0.98264251,105,3.25395575,0.631201288,0.180343225,105,-0.016866273,0.119262559,0.034075017,105,3.272092716,0.598693903,0.171055401,105,0.406920675,0.232466352,0.066418958
106,58.31032801,2.027206462,0.579201846,106,19.50559199,0.586270655,0.167505902,106,34.29882832,3.431368649,0.980391042,106,4.279121444,0.713804066,0.203944019,106,-0.017113653,0.121011804,0.034574801,106,4.297630922,0.683437134,0.195267753,106,0.414557076,0.231445921,0.066127406
107,58.27187102,2.025711368,0.578774677,107,19.71744593,0.591108116,0.168888033,107,34.73847309,3.415810433,0.975945838,107,5.291063799,0.797985069,0.227995734,107,-0.017357149,0.122733577,0.035066736,107,5.30994532,0.7693288,0.219808229,107,0.422340896,0.230417592,0.065833598
108,58.24545136,2.024465341,0.578418669,108,19.89095087,0.595592929,0.170169408,108,35.16837872,3.393227143,0.96949347,108,6.293574267,0.883431319,0.252408948,108,-0.017596965,0.124429331,0.035551238,108,6.312827443,0.856154342,0.244615526,108,0.430277804,0.229381471,0.065537563
109,58.23087103,2.023478006,0.578136573,109,20.03102122,0.599980973,0.171423135,109,35.58864641,3.363939462,0.961125561,109,7.288245567,0.969787553,0.277082158,109,-0.017833508,0.126101946,0.036029127,109,7.307870373,0.943635258,0.269610074,109,0.438374223,0.228337638,0.065239325
110,58.22903435,2.022749919,0.577928548,110,20.14066257,0.604391713,0.172683347,110,35.99739751,3.327519116,0.950719748,110,8.275886791,1.056759249,0.301931214,110,-0.018066784,0.127751455,0.036500416,110,8.295883157,1.031535377,0.294724393,110,0.446636551,0.227286253,0.06493893
111,58.21359887,2.021514968,0.577575705,111,20.24285248,0.608809533,0.173945581,111,36.38507127,3.283360269,0.938102934,111,8.837943233,1.099073607,0.314021031,111,-0.018252259,0.129062959,0.036875131,111,8.858156214,1.074181695,0.306909056,111,0.448952917,0.22699403,0.064855437
112,58.18529445,2.020281913,0.577223404,112,20.33806951,0.613386669,0.175253334,112,36.75058346,3.231669979,0.92333428,112,9.271580305,1.129501965,0.322714847,112,-0.018427666,0.130303277,0.037229508,112,9.29197625,1.104813121,0.315660892,112,0.44994427,0.226869307,0.064819802
113,58.15364934,2.019165227,0.576904351,113,20.42506804,0.618043293,0.176583798,113,37.09507401,3.172837104,0.906524887,113,9.670390669,1.157882772,0.330823649,113,-0.018603128,0.131543981,0.037583995,113,9.690969793,1.13337279,0.323820797,113,0.450938209,0.226744464,0.064784133
114,57.06446106,2.026724134,0.579064038,114,20.50389092,0.622697882,0.17791368,114,37.41962337,3.107492915,0.887855119,114,9.998984024,1.180354225,0.337244064,114,-0.018760268,0.132655128,0.037901465,114,10.01972437,1.156041023,0.330297435,114,0.451934462,0.226619538,0.064748439
115,56.27596373,2.03152555,0.580435871,115,20.57481064,0.627305633,0.179230181,115,37.7243327,3.036073098,0.867449457,115,10.30749339,1.202910922,0.343688835,115,-0.018927807,0.133839808,0.038239945,115,10.32840808,1.178746348,0.336784671,115,0.452933181,0.226494511,0.064712717
116,55.62660301,2.03298462,0.580852748,116,20.65054358,0.63201841,0.180576689,116,38.01471699,2.95930592,0.845515977,116,10.86224585,1.253350705,0.358100201,116,-0.019224932,0.135940799,0.038840228,116,10.88354623,1.229345813,0.351241661,116,0.452604548,0.226535628,0.064724465
117,55.06283644,2.031654467,0.580472705,117,20.73620184,0.636853202,0.181958058,117,38.29552146,2.877691302,0.822197515,117,11.59085396,1.322531192,0.377866055,117,-0.019604459,0.138624459,0.039606988,117,11.6126797,1.298685823,0.371053092,117,0.45139292,0.226687419,0.064767834
118,54.55738873,2.028191289,0.579483225,118,20.82783082,0.641732976,0.183352279,118,38.56456186,2.792500532,0.797857295,118,12.32661046,1.391895114,0.397684318,118,-0.019981022,0.14128716,0.04036776,118,12.34896234,1.368182582,0.390909309,118,0.450185065,0.226839043,0.064811155
119,54.09966311,2.023299691,0.578085626,119,20.92355191,0.646631758,0.184751931,119,38.82047864,2.705156733,0.772901924,119,13.06374833,1.460999706,0.417428487,119,-0.020354089,0.143925147,0.041121471,119,13.08662672,1.437397826,0.410685093,119,0.448980675,0.226990535,0.064854439
120,53.68351501,2.017479309,0.57642266,120,21.02258406,0.651531383,0.186151824,120,39.06226533,2.617050439,0.747728697,120,13.80005782,1.529742311,0.437069232,120,-0.020723473,0.146537086,0.041867739,120,13.82346293,1.506228321,0.430350949,120,0.447779871,0.227141877,0.064897679
121,53.30613303,2.011115148,0.574604328,121,21.12338363,0.656436874,0.187553392,121,39.29107611,2.52864604,0.722470297,121,14.56275633,1.601693418,0.457626691,121,-0.021503371,0.152051791,0.043443369,121,14.58716732,1.577668333,0.450762381,121,0.446942366,0.227247609,0.064927888
122,52.96551382,2.004485834,0.572710238,122,21.22416632,0.661354444,0.188958413,122,39.50898974,2.439929876,0.697122822,122,15.37078747,1.679108569,0.479745306,122,-0.022946799,0.162258371,0.046359535,122,15.39698668,1.653642003,0.472469144,122,0.446693166,0.227279098,0.064936885
123,52.65809001,1.997691539,0.570769011,123,21.32539722,0.666269085,0.190362596,123,39.71591564,2.35188296,0.67196656,123,16.18089655,1.756254941,0.501787126,123,-0.024373731,0.172348304,0.049242372,123,16.20888452,1.729368967,0.494105419,123,0.44644412,0.22731058,0.06494588
124,52.38137481,1.990843947,0.568812556,124,21.42711884,0.671189643,0.191768469,124,39.91114159,2.266484642,0.647567041,124,16.99197409,1.833073776,0.523735365,124,-0.025784328,0.182322731,0.052092209,124,17.02175139,1.804789024,0.515654007,124,0.446195228,0.227342055,0.064954873
125,52.14618089,1.983917988,0.566833711,125,21.52934966,0.676122759,0.193177931,125,40.09476559,2.184386581,0.624110452,125,17.80425029,1.909607207,0.545602059,125,-0.027179043,0.192184859,0.05490996,125,17.83581788,1.87994161,0.537126174,125,0.445946489,0.227373524,0.064963864
126,51.95122927,1.976803928,0.564801122,126,21.63134108,0.681021363,0.194577532,126,40.2637443,2.10788794,0.602253697,126,18.53973386,1.97736281,0.564960803,126,-0.028297244,0.20009173,0.057169066,126,18.57275432,1.94665783,0.556187951,126,0.445484186,0.227432046,0.064980585
127,51.7706918,1.968945322,0.562555806,127,21.72924988,0.685640466,0.195897276,127,40.40748844,2.036747081,0.581927737,127,18.86113549,1.999936325,0.571410379,127,-0.028039137,0.198266642,0.056647612,127,18.89383223,1.969890783,0.562825938,127,0.443904164,0.227632392,0.065037826
128,51.59060934,1.96118724,0.560339212,128,21.82406456,0.690158616,0.197188176,128,40.52865035,1.970809606,0.563088459,128,19.14698314,2.020069391,0.577162683,128,-0.027779895,0.19643352,0.056123863,128,19.179356,1.990667198,0.568762056,128,0.442330169,0.227832486,0.065094996
129,51.40440227,1.953728759,0.558208217,129,21.91728778,0.694585799,0.198453085,129,40.62952497,1.909979078,0.545708308,129,19.40488545,2.038282635,0.582366467,129,-0.027519536,0.194592504,0.055597858,129,19.43693384,2.009502141,0.574143469,129,0.440762434,0.228032292,0.065152083
130,51.21799208,1.946501847,0.556143385,130,22.00948193,0.698937704,0.199696487,130,40.71159031,1.853978579,0.529708166,130,19.63902156,2.054836088,0.587096025,130,-0.027258653,0.192747785,0.055070796,130,19.67074551,2.026656393,0.579044684,130,0.439200632,0.228231845,0.065209098
131,51.03588988,1.939399674,0.554114193,131,22.10088189,0.703224139,0.200921182,131,40.77580003,1.802387629,0.514967894,131,19.85210952,2.069876436,0.591393268,131,-0.026997258,0.190899445,0.054542699,131,19.88350898,2.042278806,0.58350823,131,0.437644994,0.228431106,0.06526603
132,50.843139,1.931639614,0.551897033,132,22.19029086,0.707186889,0.202053397,132,40.81381757,1.754486765,0.501281933,132,19.7059625,2.048218781,0.585205366,132,-0.026977906,0.190762602,0.054503601,132,19.7371819,2.020708859,0.577345388,132,0.434771014,0.228800536,0.065371582
133,50.6421142,1.923653157,0.549615188,133,22.27764229,0.710981648,0.203137614,133,40.82727854,1.710374321,0.488678377,133,19.49107074,2.020826,0.577378857,133,-0.026972905,0.190727239,0.054493497,133,19.52211943,1.993368945,0.569533984,133,0.431833599,0.229179856,0.065479959
134,50.43759791,1.915503303,0.547286658,134,22.3638666,0.714632627,0.204180751,134,40.81830109,1.669934908,0.477124259,134,19.23490848,1.990330292,0.568665798,134,-0.026967037,0.19068575,0.054481643,134,19.2657866,1.96291581,0.560833088,134,0.428917565,0.229558144,0.065588041
135,50.23245336,1.907168366,0.544905247,135,22.44932852,0.718154985,0.205187139,135,40.78840168,1.633061709,0.46658906,135,18.94183305,1.95695902,0.559131149,135,-0.026960432,0.190639045,0.054468299,135,18.97254076,1.929576049,0.551307443,135,0.426022332,0.229935429,0.065695837
136,50.02671401,1.898642875,0.542469393,136,22.53414121,0.721559585,0.206159881,136,40.73894628,1.599596963,0.457027704,136,18.61454709,1.920834499,0.548809857,136,-0.026953099,0.190587188,0.054453482,136,18.64508447,1.893472009,0.540992003,136,0.423147741,0.230311687,0.065803339
137,49.84457257,1.89079547,0.540227277,137,22.64203821,0.725242124,0.207212035,137,40.68276726,1.569649856,0.448471387,137,18.68208494,1.927992346,0.550854956,137,-0.02731047,0.193114188,0.055175482,137,18.71303051,1.900370016,0.542962862,137,0.417848788,0.231009586,0.066002739
138,49.69245913,1.88330672,0.538087634,138,22.77581711,0.729190856,0.208340244,138,40.62342609,1.542672616,0.440763605,138,18.92126513,1.95293703,0.557982008,138,-0.027808888,0.196638531,0.056182437,138,18.95284436,1.924941358,0.549983245,138,0.41168414,0.231828486,0.06623671
139,49.56226387,1.875910028,0.535974294,139,22.92914173,0.733330806,0.209523087,139,40.55984341,1.518386641,0.433824755,139,19.173029,1.978200014,0.565200004,139,-0.028305713,0.200151614,0.057186175,139,19.20524214,1.949830043,0.557094298,139,0.405612196,0.23264234,0.06646924
140,49.447839,1.868661021,0.533903149,140,23.09875441,0.737649386,0.210756967,140,40.49184436,1.496618831,0.42760538,140,19.43192438,2.003489366,0.572425533,140,-0.028800785,0.203652306,0.058186373,140,19.4647718,1.974746261,0.564213218,140,0.399630459,0.233451082,0.066700309
141,49.34326386,1.861654981,0.531901423,141,23.28294168,0.742143789,0.212041083,141,40.41944206,1.476893278,0.421969508,141,19.69566458,2.028767207,0.579647773,141,-0.029293673,0.207137549,0.059182157,141,19.72914623,1.999650276,0.57132865,141,0.393736041,0.234254726,0.066929922
142,49.25541372,1.855199754,0.530057073,142,23.46897576,0.746897997,0.213399428,142,40.34622632,1.458907152,0.416830615,142,20.09655361,2.0679908,0.590854514,142,-0.029704882,0.210045234,0.060012924,142,20.13063666,2.038670434,0.582477267,142,0.390519398,0.234696066,0.067056019
143,49.18907575,1.849382828,0.528395094,143,23.64779291,0.751879015,0.214822576,143,40.2755565,1.442689336,0.412196953,143,20.64255438,2.121527487,0.60615071,143,-0.030032616,0.212362668,0.060675048,143,20.67720557,2.092165637,0.597761611,143,0.389917202,0.234778907,0.067079688
144,49.14117074,1.843991391,0.526854683,144,23.82314923,0.756979171,0.216279763,144,40.20670021,1.42802404,0.408006869,144,21.20734646,2.175860277,0.621674365,144,-0.030356312,0.214651537,0.061329011,144,21.24256577,2.146442888,0.613269397,144,0.389315905,0.234861693,0.067103341
145,49.10899412,1.839022724,0.525435064,145,23.99613204,0.762206521,0.217773292,145,40.13919467,1.414563956,0.40416113,145,21.78730635,2.230819283,0.637376938,145,-0.030675802,0.216910677,0.061974479,145,21.82309369,2.201334057,0.628952588,145,0.388715503,0.234944424,0.067126978
146,49.09146337,1.834494207,0.524141202,146,24.16728202,0.767566115,0.219304604,146,40.07285345,1.40225937,0.400645534,146,22.38062359,2.28635708,0.65324488,146,-0.030991037,0.219139722,0.062611349,146,22.41697885,2.256792073,0.644797735,146,0.388115871,0.235027116,0.067150604
147,49.08991756,1.830434612,0.522981318,147,24.33603109,0.773066535,0.220876153,147,40.00785821,1.391111514,0.397460433,147,22.9974103,2.34348294,0.669566554,147,-0.031202686,0.22063631,0.063038946,147,23.03422152,2.313956751,0.6611305,147,0.387717019,0.235082157,0.06716633
148,49.10421222,1.826910345,0.521974384,148,24.50057649,0.778716775,0.222490507,148,39.94477229,1.381089331,0.394596952,148,23.65483579,2.403784921,0.686795692,148,-0.031156668,0.220310911,0.062945975,148,23.69181472,2.374610474,0.678460135,148,0.387832352,0.235066238,0.067161782
149,49.13293054,1.823892266,0.521112076,149,24.66181343,0.784489938,0.224139982,149,39.88335918,1.372215826,0.392061664,149,24.3249983,2.464673772,0.704192506,149,-0.031110493,0.219984407,0.062852688,149,24.36214501,2.435825063,0.695950018,149,0.387947595,0.235050334,0.067157238
150,49.17542575,1.821383917,0.520395405,150,24.82011708,0.790382752,0.225823643,150,39.82345082,1.3644604,0.389845829,150,25.00655055,2.526088679,0.721739623,150,-0.03106398,0.219655511,0.062758717,150,25.04386495,2.497543218,0.713583777,150,0.388062872,0.235034428,0.067152694
151,49.23064616,1.81939551,0.519827289,151,24.97575726,0.796391411,0.227540403,151,39.76487512,1.357544099,0.387869743,151,25.6984939,2.587986268,0.739424648,151,-0.031017202,0.219324739,0.062664211,151,25.73597598,2.559723244,0.731349498,151,0.388178181,0.23501852,0.067148148
152,49.2974375,1.817891884,0.519397681,152,25.12823503,0.802493301,0.2292838,152,39.70713185,1.351251987,0.386071996,152,26.38206615,2.648532017,0.756723433,152,-0.030981044,0.21906906,0.06259116,152,26.41972006,2.620514448,0.748718414,152,0.388331121,0.234997424,0.067142121
153,49.37045206,1.816223018,0.518920862,153,25.26668705,0.808400693,0.230971627,153,39.643169,1.345360289,0.384388654,153,26.79332022,2.681381619,0.766109034,153,-0.031114593,0.220013394,0.06286097,153,26.83121058,2.653326963,0.758093418,153,0.389072397,0.234895238,0.067112925
154,49.44974858,1.814799365,0.518514104,154,25.39411964,0.814236192,0.232638912,154,39.5738256,1.339929828,0.382837094,154,27.1908161,2.713583074,0.77530945,154,-0.031247232,0.220951296,0.063128942,154,27.22894315,2.685493308,0.767283802,154,0.389815039,0.234792968,0.067083705
155,49.53669571,1.813703756,0.518201073,155,25.51291797,0.820017717,0.234290776,155,39.49979431,1.335025482,0.381435852,155,27.5797001,2.745483027,0.784423722,155,-0.031378994,0.221882994,0.063395141,155,27.61806376,2.717355371,0.776387249,155,0.390559051,0.234690613,0.067054461
156,49.62988939,1.812966348,0.517990385,156,25.62425105,0.825759471,0.235931277,156,39.42161589,1.330612619,0.380175034,156,27.96196506,2.777156526,0.793473293,156,-0.031510128,0.222810254,0.063660073,156,28.00056543,2.748988521,0.785425292,156,0.391304438,0.234588174,0.067025193
157,49.72959915,1.812585037,0.517881439,157,25.72881765,0.831465622,0.237561606,157,39.33990591,1.326539055,0.379011159,157,28.3386295,2.808628113,0.802465175,157,-0.031640586,0.223732731,0.063923637,157,28.37746658,2.780418281,0.794405223,157,0.392051329,0.234485633,0.066995895
158,49.83507838,1.812524299,0.517864085,158,25.83587554,0.837138773,0.239182507,158,39.25482431,1.322775248,0.377935785,158,28.69861975,2.838641645,0.81104047,158,-0.031688906,0.224074403,0.064021258,158,28.73758675,2.810479861,0.802994246,158,0.391262244,0.23459397,0.067026848
159,49.95450272,1.812732393,0.517923541,159,25.94503333,0.842799562,0.240799875,159,39.16666114,1.319454206,0.376986916,159,29.05204632,2.86827468,0.819507051,159,-0.03172191,0.224307778,0.064087937,159,29.09112354,2.8401765,0.811479,159,0.390183243,0.2347423,0.067069229
160,50.08605681,1.813223385,0.518063824,160,26.05510574,0.848446357,0.242413245,160,39.0757185,1.316558242,0.376159498,160,29.40144654,2.897731703,0.827923344,160,-0.031754811,0.224540419,0.064154405,160,29.44063415,2.869696467,0.819913276,160,0.389107123,0.234890454,0.067111558
161,50.22834999,1.814020082,0.518291452,161,26.16562635,0.854073409,0.244020974,161,38.98231683,1.31388834,0.375396668,161,29.74694242,2.926984821,0.836281377,161,-0.031787612,0.224772363,0.064220675,161,29.78624057,2.899012325,0.828289236,161,0.388033866,0.23503843,0.067153837
162,50.40305716,1.815001437,0.518571839,162,26.27640065,0.859677768,0.245622219,162,38.88660141,1.311332751,0.3746665,162,30.09040122,2.956211353,0.844631815,162,-0.031820972,0.22500825,0.064288071,162,30.12981102,2.928299537,0.836657011,162,0.386963336,0.235186245,0.06719607
163,50.60261874,1.816033017,0.518866576,163,26.3811034,0.86516782,0.247190806,163,38.78692313,1.308885767,0.373967362,163,30.3559607,2.977725276,0.85077865,163,-0.031805173,0.224896534,0.064256152,163,30.39538048,2.949915502,0.842833,163,0.386575012,0.235239917,0.067211405
164,50.8211434,1.817192749,0.519197928,164,26.47745324,0.870516756,0.248719073,164,38.68263131,1.306505373,0.373287249,164,30.56612252,2.994050878,0.855443108,164,-0.031759241,0.224571747,0.064163356,164,30.60549003,2.966370936,0.847534553,164,0.386603669,0.235235955,0.067210273
165,51.01847141,1.818861567,0.519674733,165,26.56740837,0.875751217,0.250214633,165,38.57429947,1.303978708,0.372565345,165,30.76198879,3.00943127,0.859837506,165,-0.031712218,0.224239241,0.064068355,165,30.80130262,2.981885021,0.851967149,165,0.386632206,0.23523201,0.067209146
166,51.19551343,1.821063769,0.520303934,166,26.65207351,0.880882018,0.251680576,166,38.46235187,1.301127548,0.371750728,166,30.94503738,3.024047022,0.864013435,166,-0.031664373,0.223900929,0.063971694,166,30.98429655,2.996635462,0.856181561,166,0.386660745,0.235228065,0.067208019
167,51.35882881,1.823693541,0.521055297,167,26.73204559,0.885914429,0.253118408,167,38.3470397,1.297931909,0.370837688,167,31.11727906,3.038097026,0.868027722,167,-0.031616286,0.2235609,0.063874543,167,31.15648336,3.010818204,0.860233773,167,0.386689286,0.23522412,0.067206891
168,51.50735865,1.826631579,0.521894737,168,26.81634308,0.890841854,0.254526244,168,38.22820536,1.294295587,0.369798739,168,31.26590965,3.050288795,0.871511084,168,-0.031591923,0.223388632,0.063825323,168,31.30508078,3.023110596,0.863745885,168,0.385216321,0.235427929,0.067265123
169,51.64138135,1.82976569,0.522790197,169,26.91575933,0.895677218,0.255907777,169,38.10562541,1.290157695,0.368616484,169,31.3841337,3.0599375,0.874267857,169,-0.031603452,0.223470155,0.063848616,169,31.42330461,3.032813733,0.866518209,169,0.381514886,0.23594187,0.067411963
170,51.76292434,1.833062179,0.523732051,170,27.02580962,0.900465146,0.257275756,170,37.97966725,1.285589751,0.367311358,170,31.49281243,3.069047484,0.87687071,170,-0.031614935,0.223551349,0.063871814,170,31.53198318,3.041977373,0.869136392,170,0.377847122,0.236453644,0.067558184
171,51.87705143,1.836451958,0.524700559,171,27.14453395,0.905217562,0.258633589,171,37.8506407,1.280746771,0.365927649,171,31.59297537,3.07764574,0.879327354,171,-0.031626639,0.223634107,0.063895459,171,31.6321463,3.050629094,0.871608313,171,0.374212419,0.236963252,0.067703786
172,51.98530568,1.839891263,0.525683218,172,27.27087664,0.909945464,0.259984418,172,37.71888168,1.275767461,0.364504989,172,31.6852322,3.085743307,0.881640945,172,-0.031638446,0.223717597,0.063919313,172,31.7244035,3.058780376,0.87393725,172,0.370610188,0.237470695,0.06784877
173,52.08760632,1.843368877,0.526676822,173,27.40096714,0.914661341,0.261331812,173,37.58482432,1.270761778,0.363074794,173,31.77313224,3.093631856,0.883894816,173,-0.031625286,0.223624542,0.063892726,173,31.81227482,3.066750807,0.876214516,173,0.367562627,0.237901848,0.067971957
174,52.19020469,1.846873921,0.527678263,174,27.52064969,0.919369054,0.262676872,174,37.4491065,1.26582926,0.361665503,174,31.86883249,3.102395725,0.886398778,174,-0.03149833,0.222726831,0.063636237,174,31.90781369,3.075722723,0.878777921,174,0.36690976,0.237994431,0.067998409
175,52.29483013,1.850361284,0.528674653,175,27.63402395,0.924032258,0.264009217,175,37.31192268,1.261075395,0.360307256,175,31.95870744,3.110774656,0.888792759,175,-0.031371338,0.221828859,0.063379674,175,31.99752725,3.08430758,0.881230737,175,0.366257949,0.238086941,0.06802484
176,52.40000186,1.85383664,0.529667611,176,27.74276648,0.928651482,0.265328995,176,37.17340774,1.256619079,0.359034023,176,32.04298752,3.118798614,0.891085318,176,-0.031244295,0.220930532,0.063123009,176,32.08164593,3.092534699,0.883581343,176,0.365607189,0.238179379,0.068051251
177,52.37906683,1.858068386,0.530876682,177,27.84768392,0.933229147,0.266636899,177,37.0337935,1.252521872,0.357863392,177,32.11242236,3.125488694,0.89299677,177,-0.031113995,0.220009169,0.062859762,177,32.15091466,3.099434795,0.885552798,177,0.364957594,0.238271727,0.068077636
178,52.38406879,1.86211084,0.532031669,178,27.94922747,0.937765361,0.26793296,178,36.89329993,1.248799649,0.3567999,178,32.17705567,3.132221834,0.894920524,178,-0.030985188,0.219098362,0.062599532,178,32.21538445,3.106371155,0.887534616,178,0.364308928,0.238364019,0.068104005
179,52.39964046,1.865888986,0.533111139,179,28.04674454,0.942287778,0.269225079,179,36.7527342,1.245424716,0.355835633,179,32.26389403,3.14158968,0.897597051,179,-0.030972293,0.219007186,0.062573482,179,32.30221593,3.115815055,0.890232873,179,0.363927861,0.238418273,0.068119507
180,52.41931822,1.869403355,0.534115244,180,28.14073402,0.946778273,0.270508078,180,36.61231019,1.242201393,0.354914684,180,32.35046284,3.150988299,0.900282371,180,-0.030964616,0.2189529,0.062557971,180,32.38878479,3.125281973,0.892937707,180,0.363558094,0.238470942,0.068134555
181,52.44037924,1.872702276,0.535057793,181,28.23143505,0.951229301,0.2717798,181,36.47226627,1.238938616,0.353982462,181,32.43477635,3.160185371,0.902910106,181,-0.030956948,0.218898678,0.062542479,181,32.47309833,3.134546868,0.895584819,181,0.363188782,0.238523572,0.068149592
182,52.46171602,1.87583079,0.535951654,182,28.31904716,0.955635659,0.27303876,182,36.33278354,1.235507098,0.353002028,182,32.51640466,3.169150251,0.9054715,182,-0.030949325,0.218844778,0.062527079,182,32.55472671,3.143579089,0.898165454,182,0.362819807,0.238576178,0.068164622
183,52.48286985,1.878821079,0.536806023,183,28.40374899,0.959993252,0.274283786,183,36.19395037,1.231847645,0.35195647,183,32.59523648,3.177887228,0.907967779,183,-0.030941707,0.21879091,0.062511689,183,32.63355861,3.152382644,0.900680755,183,0.36245117,0.23862876,0.068179646
184,52.50317061,1.881672086,0.537620596,184,28.48092647,0.964284722,0.27550992,184,36.05559106,1.227929528,0.350837008,184,32.6621009,3.185465296,0.910132942,184,-0.030909874,0.218565812,0.062447375,184,32.70038842,3.160051099,0.902871743,184,0.362788653,0.23858062,0.068165892
185,52.52247862,1.884402168,0.53840062,185,28.55036623,0.968498514,0.276713861,185,35.91773938,1.223703548,0.349629585,185,32.72196752,3.192447817,0.912127948,185,-0.030869352,0.218279283,0.062365509,185,32.76020806,3.167131773,0.904894792,185,0.363375007,0.23849703,0.068142009
186,52.54091303,1.887027688,0.539150768,186,28.6133071,0.972630268,0.277894362,186,35.78057163,1.219139392,0.34832554,186,32.77808539,3.199185865,0.914053104,186,-0.030828773,0.217992348,0.062283528,186,32.81627888,3.173966418,0.906847548,186,0.363962101,0.238413397,0.068118113
187,52.55856037,1.889556664,0.539873333,187,28.67044084,0.976676494,0.279050427,187,35.64427947,1.214270302,0.346934372,187,32.83083167,3.205709192,0.915916912,187,-0.030788164,0.217705192,0.062201484,187,32.86897809,3.180584521,0.908738434,187,0.364550165,0.238329687,0.068094196
188,52.57547599,1.891994203,0.540569772,188,28.72222545,0.980632908,0.280180831,188,35.50904169,1.209186996,0.345481999,188,32.88046262,3.212032509,0.917723574,188,-0.030747527,0.217417847,0.062119385,188,32.91856195,3.187000728,0.910571637,188,0.365138973,0.238245934,0.068070267
189,52.59287678,1.894399409,0.541256974,189,28.76874458,0.984522877,0.281292251,189,35.37549472,1.203988346,0.34399667,189,32.94870947,3.220355561,0.920101589,189,-0.030747694,0.21741903,0.062119723,189,32.98682356,3.19537446,0.912964132,189,0.365874456,0.238141405,0.068040402
190,52.61163429,1.896796392,0.541941826,190,28.81017014,0.98835352,0.28238672,190,35.24411811,1.198767207,0.342504916,190,33.03587331,3.230626328,0.923036094,190,-0.030785502,0.217686371,0.062196106,190,33.07405922,3.2056566,0.915901886,190,0.366746041,0.23801766,0.068005046
191,52.63129875,1.8991538,0.542615371,191,28.84684833,0.99210346,0.283458131,191,35.11485518,1.193614628,0.341032751,191,33.12344951,3.24090621,0.925973203,191,-0.030823373,0.217954158,0.062272617,191,33.16170734,3.21594582,0.918841663,191,0.36761963,0.237893768,0.067969648
192,52.65155232,1.901467643,0.543276469,192,28.87899216,0.995763261,0.284503789,192,34.98764993,1.188606285,0.339601796,192,33.21095332,3.251171089,0.928906026,192,-0.030861088,0.218220843,0.062348812,192,33.24928293,3.226218731,0.92177678,192,0.368494999,0.237769762,0.067934218
193,52.67225784,1.903740406,0.54392583,193,28.9068303,0.9993267,0.285521914,193,34.86253304,1.183793867,0.338226819,193,33.2982073,3.26142019,0.93183434,193,-0.03089875,0.218487154,0.062424901,193,33.33660869,3.236474515,0.924707004,193,0.369372273,0.237645625,0.06789875
194,52.69338536,1.905977648,0.544565042,194,28.93130749,1.002790054,0.286511444,194,34.73958492,1.179193098,0.336912314,194,33.38589322,3.271727751,0.934779358,194,-0.030932059,0.218722685,0.062492196,194,33.42436141,3.246791848,0.927654814,194,0.37014011,0.237537089,0.06786774
195,52.71497627,1.908186239,0.545196068,195,28.95412175,1.006152301,0.287472086,195,34.61889833,1.174804527,0.335658436,195,33.47510572,3.282200735,0.937771639,195,-0.030955398,0.218887719,0.062539348,195,33.51362923,3.2572833,0.930652372,195,0.370648986,0.237465217,0.067847205
196,52.73697673,1.910366701,0.545819058,196,28.97491964,1.009413186,0.288403767,196,34.50054132,1.170651824,0.33447195,196,33.56429824,3.292689357,0.940768388,196,-0.030978617,0.219051899,0.062586257,196,33.60287697,3.267788831,0.933653952,196,0.371158504,0.237393302,0.067826658
197,52.75934319,1.91252128,0.546434651,197,28.99362642,1.012572519,0.289306434,197,34.38456206,1.1667783,0.333365228,197,33.6533907,3.303190184,0.943768624,197,-0.031001891,0.219216474,0.062633278,197,33.69202477,3.278304905,0.936658544,197,0.371668668,0.237321342,0.067806098
198,52.78204736,1.914652376,0.547043536,198,29.01027651,1.015630767,0.290180219,198,34.27097771,1.163224412,0.332349832,198,33.74233994,3.31370522,0.94677292,198,-0.031025129,0.219380793,0.062680227,198,33.78102936,3.288833599,0.939666742,198,0.372179478,0.237249339,0.067785526
199,52.80471291,1.91674525,0.5476415,199,29.02424047,1.018580528,0.291023008,199,34.15966967,1.160045176,0.331441479,199,33.82457966,3.323586912,0.949596261,199,-0.031048989,0.219549509,0.062728431,199,33.86332179,3.298726387,0.942493254,199,0.372772235,0.237165845,0.06776167
200,52.82331197,1.918615112,0.548175746,200,29.02768831,1.021330045,0.291808584,200,34.0490197,1.157262719,0.330646491,200,33.83066493,3.325961311,0.95027466,200,-0.031081378,0.219778532,0.062793866,200,33.86943052,3.301097237,0.943170639,200,0.374303134,0.236950504,0.067700144
201,52.8387562,1.920371801,0.548677658,201,29.02290626,1.023917625,0.292547893,201,33.93923757,1.154920197,0.329977199,201,33.82922958,3.32790748,0.950830709,201,-0.031113496,0.220005642,0.062858755,201,33.86801844,3.303040873,0.943725964,201,0.375839986,0.236734757,0.067638502
202,52.85195522,1.92204145,0.5491547,202,29.01129831,1.026352085,0.293243453,202,33.83058879,1.153032821,0.329437949,202,33.82208891,3.329560386,0.951302967,202,-0.031145626,0.220232833,0.062923667,202,33.86090112,3.304690221,0.944197206,202,0.3773826,0.236518637,0.067576754
203,52.86331815,1.923629235,0.549608353,203,28.99362265,1.028634793,0.293895655,203,33.7232473,1.15162222,0.32903492,203,33.8101278,3.330956921,0.951701977,203,-0.031177726,0.220459812,0.062988518,203,33.84896334,3.306082245,0.944594927,203,0.378931137,0.236302129,0.067514894
204,52.87306117,1.925135278,0.550038651,204,28.97037255,1.030763966,0.29450399,204,33.61732949,1.150687384,0.328767824,204,33.79384669,3.33210545,0.952030129,204,-0.03120982,0.220686752,0.063053358,204,33.83270555,3.307225555,0.944921587,204,0.380485645,0.236085232,0.067452923
205,52.88813608,1.926888186,0.550539482,205,28.94840569,1.032901605,0.295114744,205,33.51560483,1.150293488,0.328655282,205,33.89875488,3.345475156,0.955850045,205,-0.031235412,0.220867716,0.063105062,205,33.9376957,3.32060443,0.948744123,205,0.381595937,0.235930589,0.06740874
206,52.90831992,1.928763197,0.551075199,206,28.92755754,1.034997984,0.29571371,206,33.41828442,1.150417091,0.328690597,206,34.03113923,3.361288599,0.960368171,206,-0.031260054,0.221041964,0.063154847,206,34.07017159,3.33642579,0.953264511,206,0.382635749,0.23578597,0.06736742
207,52.93198158,1.930691469,0.551626134,207,28.90666565,1.037020583,0.296291595,207,33.32502929,1.151034047,0.328866871,207,34.16989587,3.377434386,0.964981253,207,-0.031284807,0.221216994,0.063204855,207,34.2090199,3.352577962,0.957879418,207,0.383678248,0.235641179,0.067326051
208,52.95828144,1.932661364,0.552188961,208,28.88521505,1.038960066,0.296845733,208,33.23561158,1.152116438,0.329176125,208,34.3134931,3.393831155,0.969666044,208,-0.031309409,0.221390955,0.063254559,208,34.35270871,3.368980381,0.962565823,208,0.384723572,0.235496199,0.067284628
209,52.9868155,1.934675218,0.552764348,209,28.86301794,1.040815066,0.297375733,209,33.14989815,1.153628661,0.329608189,209,34.46117268,3.410457658,0.974416474,209,-0.031333917,0.221564252,0.063304072,209,34.50047988,3.38561147,0.967317563,209,0.38577149,0.235351064,0.067243161
210,53.01307658,1.936531078,0.553294594,210,28.84067885,1.04247738,0.29785068,210,33.06612413,1.155477589,0.330136454,210,34.53456924,3.419559305,0.977016944,210,-0.031336672,0.221583732,0.063309638,210,34.57389831,3.394733353,0.969923815,210,0.386327669,0.235274118,0.067221177
211,53.03538081,1.938226134,0.553778896,211,28.81819922,1.043940116,0.298268605,211,32.98341933,1.157605846,0.330744528,211,34.56107096,3.424133237,0.978323782,211,-0.031327058,0.221515755,0.063290216,211,34.60038264,3.399337735,0.971239353,211,0.386606352,0.235235584,0.067210167
212,53.05503445,1.939850876,0.554243107,212,28.79552838,1.045253293,0.298643798,212,32.90198352,1.159972971,0.331420849,212,34.5822121,3.428408618,0.97954532,212,-0.031317355,0.221447144,0.063270613,212,34.62150645,3.403643899,0.972469685,212,0.386885105,0.235197056,0.067199159
213,53.07288768,1.94142626,0.554693217,213,28.77280504,1.046438466,0.298982419,213,32.82195353,1.162520097,0.332148599,213,34.59944469,3.432465955,0.980704559,213,-0.031307625,0.221378342,0.063250955,213,34.63872176,3.4077316,0.9736376,213,0.387164173,0.235158498,0.067188142
214,53.08931926,1.942955007,0.555130002,214,28.75007756,1.047508141,0.29928804,214,32.74336506,1.165174763,0.332907075,214,34.61344051,3.436323604,0.981806744,214,-0.031297883,0.221309452,0.063231272,214,34.65270033,3.411619311,0.974748375,214,0.387443434,0.235119928,0.067177122
215,53.10495799,1.944456796,0.555559085,215,28.72843245,1.048480143,0.299565755,215,32.66639088,1.167871635,0.33367761,215,34.63257446,3.440788511,0.983082432,215,-0.031296858,0.221302208,0.063229202,215,34.67183232,3.416105772,0.976030221,215,0.387584359,0.23510047,0.067171563
216,53.12043213,1.945948022,0.555985149,216,28.70907288,1.049370467,0.299820133,216,32.59123339,1.170557228,0.334444922,216,34.66089453,3.446214736,0.984632782,216,-0.031307925,0.221380458,0.063251559,216,34.70017155,3.421541699,0.977583343,216,0.387534241,0.23510739,0.06717354
217,53.13560594,1.947409617,0.556402748,217,28.69145698,1.050179883,0.300051395,217,32.51782149,1.173178137,0.335193753,217,34.68840177,3.451543523,0.986155292,217,-0.031319034,0.221459012,0.063274003,217,34.72769801,3.426879826,0.979108522,217,0.38748413,0.235114309,0.067175517
218,53.15037034,1.948837001,0.556810572,218,28.67528336,1.050914019,0.300261148,218,32.44607612,1.175690802,0.335911658,218,34.71491294,3.456751255,0.987643216,218,-0.031330166,0.22153773,0.063296494,218,34.75422842,3.432096815,0.98059909,218,0.387433902,0.235121244,0.067177498
219,53.16469834,1.950229708,0.557208488,219,28.66038698,1.051579392,0.300451255,219,32.37593228,1.178058422,0.33658812,219,34.74040255,3.461833231,0.989095209,219,-0.031341313,0.221616547,0.063319013,219,34.77973731,3.43718791,0.982053688,219,0.387383803,0.235128163,0.067179475
220,53.17853083,1.95158533,0.557595809,220,28.64632587,1.052181345,0.300623241,220,32.30730922,1.180245845,0.337213098,220,34.76374245,3.466679019,0.99047972,220,-0.031357023,0.221727639,0.063350754,220,34.80310159,3.442037988,0.983439425,220,0.387383803,0.235128163,0.067179475
221,53.19164591,1.952894094,0.557969741,221,28.63176802,1.052721905,0.300777687,221,32.24006295,1.182231439,0.337780411,221,34.78138392,3.470950141,0.99170004,221,-0.031390964,0.221967632,0.063419323,221,34.82078789,3.446294811,0.98465566,221,0.387584237,0.235100487,0.067171568
222,53.20412673,1.954163956,0.558332559,222,28.61705485,1.053207179,0.300916337,222,32.17415545,1.184016746,0.338290499,222,34.79759476,3.475066646,0.992876185,222,-0.031424976,0.222208133,0.063488038,222,34.83704366,3.450396646,0.985827613,222,0.387784894,0.235072788,0.067163654
223,53.21605321,1.955397464,0.55868499,223,28.60233788,1.053640707,0.301040202,223,32.10955188,1.185607027,0.338744865,223,34.81258001,3.479043624,0.994012464,223,-0.031458891,0.222447951,0.063556557,223,34.85207375,3.454358527,0.986959579,223,0.387985528,0.2350451,0.067155743
224,53.22747265,1.956595745,0.559027356,224,28.58767644,1.054025281,0.30115008,224,32.04620386,1.187013804,0.339146801,224,34.82647028,3.482887649,0.995110757,224,-0.031492889,0.222688355,0.063625244,224,34.86600896,3.458186809,0.988053374,224,0.388186261,0.235017405,0.06714783
225,53.23841938,1.957759593,0.559359884,225,28.57309356,1.05436345,0.3012467,225,31.98406086,1.188253906,0.339501116,225,34.83936726,3.486603023,0.996172292,225,-0.031526791,0.222928076,0.063693736,225,34.87895078,3.461885983,0.989110281,225,0.388387095,0.234989704,0.067139915
226,53.2487974,1.958883996,0.559681142,226,28.558189,1.054655413,0.301330118,226,31.92302923,1.189344968,0.339812848,226,34.84908799,3.489933693,0.997123912,226,-0.03152626,0.222924322,0.063692663,226,34.88867186,3.465234014,0.990066861,226,0.388644774,0.234954174,0.067129764
227,53.25865394,1.959972425,0.559992121,227,28.54306343,1.054904125,0.301401179,227,31.86307126,1.19030374,0.340086783,227,34.85769285,3.49312301,0.998035146,227,-0.031524989,0.222915332,0.063690095,227,34.89727613,3.468440908,0.990983117,227,0.388903722,0.234918481,0.067119566
228,53.26803956,1.961026521,0.560293292,228,28.52777577,1.055111779,0.301460508,228,31.80415265,1.191147936,0.340327982,228,34.86534518,3.496184784,0.998909938,228,-0.031523715,0.222906324,0.063687521,228,34.90492787,3.471519678,0.991862765,228,0.389162836,0.234882778,0.067109365
229,53.27698833,1.962047237,0.560584925,229,28.51235371,1.055280234,0.301508638,229,31.7462382,1.191896734,0.340541924,229,34.87212571,3.499123913,0.999749689,229,-0.031522442,0.222897324,0.06368495,229,34.91170781,3.474475207,0.992707202,229,0.38942224,0.234847048,0.067099157
230,53.28552712,1.963035379,0.560867251,230,28.49681397,1.055411225,0.301546064,230,31.68929858,1.192568793,0.340733941,230,34.87810409,3.501944908,1.000555688,230,-0.03152117,0.22288833,0.06368238,230,34.91768562,3.477312006,0.993517716,230,0.389681688,0.234811324,0.06708895
231,53.29983114,1.964294766,0.561227076,231,28.48525224,1.055658412,0.301616689,231,31.63560034,1.193264365,0.340932676,231,34.99541774,3.515729497,1.004494142,231,-0.0314649,0.22249044,0.063568697,231,35.03499088,3.491171062,0.997477446,231,0.389809876,0.234793679,0.067083908
232,53.32059695,1.96576203,0.561646294,232,28.47809512,1.056002931,0.301715123,232,31.58562008,1.193992791,0.341140797,232,35.1568317,3.533476188,1.009564625,232,-0.031391534,0.221971666,0.063420476,232,35.19639386,3.509006879,1.002573394,232,0.389896546,0.23478175,0.0670805
233,53.34610517,1.967349062,0.562099732,233,28.47423672,1.056405869,0.301830248,233,31.5389796,1.19476768,0.341362194,233,35.32764595,3.551712233,1.014774924,233,-0.031318632,0.22145617,0.063273191,233,35.36719726,3.527329074,1.007808307,233,0.389983358,0.234769803,0.067077087
234,53.37533802,1.969038024,0.562582292,234,28.47302496,1.056856988,0.30195914,234,31.49540186,1.195615636,0.341604467,234,35.50602308,3.570339859,1.020097103,234,-0.031246011,0.220942661,0.063126475,234,35.54556356,3.546040828,1.013154522,234,0.390070065,0.234757872,0.067073678
235,53.40778879,1.970829124,0.563094035,235,28.47412007,1.057354724,0.30210135,235,31.45469822,1.196559833,0.341874238,235,35.69101676,3.589332875,1.025523679,235,-0.031173644,0.220430952,0.062980272,235,35.73054642,3.565115795,1.018604513,235,0.390156914,0.234745923,0.067070264
236,53.43496766,1.972324461,0.563521275,236,28.47322101,1.057696975,0.302199136,236,31.41369308,1.197507395,0.34214497,236,35.73360416,3.593940512,1.026840146,236,-0.031005197,0.219239852,0.062639958,236,35.77291893,3.569892129,1.01996918,236,0.39019567,0.234740591,0.06706874
237,53.4512993,1.973388816,0.563825376,237,28.46743626,1.057800441,0.302228697,237,31.36994194,1.198424154,0.342406901,237,35.64253921,3.585523054,1.024435158,237,-0.030753866,0.217462672,0.062132192,237,35.6814654,3.561721506,1.017634716,237,0.390193579,0.234740879,0.067068822
238,53.45979239,1.974252261,0.564072075,238,28.45822893,1.05777027,0.302220077,238,31.32392592,1.199359453,0.342674129,238,35.53612043,3.576151787,1.021757653,238,-0.030501266,0.215676523,0.061621864,238,35.57465809,3.552599965,1.015028561,238,0.390191487,0.234741166,0.067068905
239,53.46266029,1.974971511,0.564277575,239,28.44673662,1.057642053,0.302183444,239,31.27607184,1.200314798,0.342947085,239,35.41822229,3.566072908,1.018877974,239,-0.030247483,0.213882005,0.061109144,239,35.45637136,3.54277124,1.012220354,239,0.390189395,0.234741454,0.067068987
240,53.46092278,1.975554436,0.564444124,240,28.43347002,1.057429394,0.302122684,240,31.22661675,1.201285284,0.343224367,240,35.29067844,3.555354189,1.015815483,240,-0.029992766,0.212080885,0.060594538,240,35.3284391,3.532303131,1.009229466,240,0.390187304,0.234741742,0.067069069
241,53.4570325,1.976090987,0.564597425,241,28.41930797,1.057185767,0.302053076,241,31.17641986,1.202292638,0.343512182,241,35.18903754,3.547523381,1.013578109,241,-0.029816992,0.210837973,0.060239421,241,35.22652833,3.524647981,1.00704228,241,0.39025215,0.234732821,0.06706652
242,53.45500311,1.976727413,0.564779261,242,28.40563235,1.0569945,0.301998429,242,31.12702825,1.203380904,0.343823115,242,35.15590403,3.546751636,1.01335761,242,-0.029810743,0.210793785,0.060226796,242,35.19337671,3.523890757,1.006825931,242,0.390459433,0.234704312,0.067058375
243,53.45384975,1.977344884,0.564955681,243,28.39218915,1.056804481,0.301944137,243,31.07832752,1.204519869,0.344148534,243,35.12406683,3.545961605,1.013131887,243,-0.0298046,0.210750351,0.060214386,243,35.16152138,3.52311441,1.006604117,243,0.390666823,0.234675795,0.067050227
244,53.45270511,1.977912716,0.565117919,244,28.37860884,1.05659899,0.301885426,244,31.03018261,1.205698403,0.344485258,244,35.09208992,3.545043363,1.012869532,244,-0.029798509,0.210707279,0.06020208,244,35.12952635,3.522210321,1.006345806,244,0.390874319,0.234647273,0.067042078
245,53.45124507,1.978425917,0.565264548,245,28.36475869,1.056372084,0.301820595,245,30.98254194,1.206905182,0.344830052,245,35.0594545,3.543974882,1.012564252,245,-0.029792429,0.210664289,0.060189797,245,35.09687282,3.521156389,1.006044683,245,0.391081922,0.234618743,0.067033927
246,53.44950797,1.978893912,0.565398261,246,28.350208,1.056126733,0.301750495,246,30.93544569,1.208126987,0.345179139,246,35.02876913,3.543036048,1.012296014,246,-0.029788214,0.210634479,0.06018128,246,35.06617313,3.52023054,1.005780154,246,0.391368353,0.234579395,0.067022684
247,53.44882616,1.979384863,0.565538532,247,28.33158136,1.055903472,0.301686706,247,30.88939123,1.209364765,0.34553279,247,35.02247872,3.544475386,1.012707253,247,-0.029800958,0.210724596,0.060207027,247,35.05990283,3.521667349,1.006190671,247,0.392363932,0.234442747,0.066983642
248,53.44887861,1.979864361,0.565675532,248,28.30995507,1.055679175,0.301622621,248,30.84431827,1.210590016,0.345882862,248,35.01734385,3.545910596,1.013117313,248,-0.029813611,0.210814062,0.060232589,248,35.05478791,3.523099374,1.006599821,248,0.393361851,0.234305966,0.066944562
249,53.44935689,1.98032532,0.565807234,249,28.28573787,1.055441968,0.301554848,249,30.80015383,1.211782858,0.346223674,249,35.01293326,3.547324078,1.013521165,249,-0.029826251,0.210903446,0.060258127,249,35.05039722,3.524509082,1.007002595,249,0.39436237,0.234169018,0.066905434
250,53.45013129,1.980768027,0.565933722,250,28.25917568,1.055184041,0.301481155,250,30.7568487,1.212921392,0.346548969,250,35.00908102,3.548713867,1.013918248,250,-0.029838982,0.210993463,0.060283847,250,35.046565,3.525894381,1.007398395,250,0.395365378,0.234031921,0.066866263
251,53.45114124,1.981194378,0.566055537,251,28.23044158,1.054899837,0.301399953,251,30.71436217,1.213982095,0.346852027,251,35.00570026,3.550079099,1.014308314,251,-0.029851607,0.211082736,0.060309353,251,35.04320412,3.527254591,1.007787026,251,0.396370887,0.233894673,0.06682705
252,53.45177832,1.981577822,0.566165092,252,28.20459503,1.054559774,0.301302793,252,30.67244845,1.214935894,0.347124541,252,34.99269662,3.550414901,1.014404257,252,-0.029854295,0.211101747,0.060314785,252,35.03020247,3.527593675,1.007883907,252,0.396491722,0.233878193,0.066822341
253,53.45206149,1.981930945,0.566265984,253,28.18103314,1.054171284,0.301191795,253,30.63105971,1.215768955,0.347362559,253,34.97819371,3.550554957,1.014444273,253,-0.029855645,0.211111291,0.060317512,253,35.01569915,3.527737819,1.007925091,253,0.396491722,0.233878193,0.066822341
254,53.45211865,1.982260925,0.566360264,254,28.1590711,1.053744355,0.301069816,254,30.59018345,1.216468799,0.347562514,254,34.96356016,3.550627353,1.014464958,254,-0.02985702,0.211121016,0.06032029,254,35.00106524,3.527814082,1.007946881,254,0.396491722,0.233878193,0.066822341
255,53.45201329,1.982570097,0.566448599,255,28.13839397,1.053286968,0.300939134,255,30.54979672,1.217025277,0.347721508,255,34.94880878,3.55062966,1.014465617,255,-0.029858412,0.21113086,0.060323103,255,34.98631351,3.527820119,1.007948605,255,0.396491722,0.233878193,0.066822341
256,53.45177484,1.982859462,0.566531275,256,28.11883247,1.052805436,0.300801553,256,30.50987304,1.217429826,0.347837093,256,34.9339456,3.550563401,1.014446686,256,-0.029859815,0.211140777,0.060325936,256,34.97145,3.527757435,1.007930696,256,0.396491722,0.233878193,0.066822341
257,53.45168712,1.983142904,0.566612258,257,28.09934711,1.052313614,0.300661033,257,30.47048146,1.217680195,0.347908627,257,34.92374916,3.550915554,1.014547301,257,-0.029871865,0.211225982,0.060350281,257,34.96126913,3.528102949,1.008029414,257,0.396674105,0.233853323,0.066815235
258,53.45184362,1.983421022,0.566691721,258,28.07965208,1.05181544,0.300518697,258,30.43163373,1.217775384,0.347935824,258,34.91625062,3.551475661,1.014707332,258,-0.029889386,0.211349879,0.06038568,258,34.95379434,3.528650937,1.008185982,258,0.396950649,0.233815626,0.066804465
259,53.45216503,1.983689191,0.56676834,259,28.05993298,1.051309051,0.300374015,259,30.39328373,1.217716899,0.347919114,259,34.90909813,3.552004581,1.014858452,259,-0.029906913,0.211473808,0.060421088,259,34.94666558,3.529167346,1.008333527,259,0.397227383,0.233777917,0.066793691
260,53.4526007,1.98394687,0.566841963,260,28.04025219,1.050793838,0.300226811,260,30.35538757,1.217509725,0.347859922,260,34.90223441,3.552502402,1.015000686,260,-0.029924524,0.211598339,0.060456668,260,34.93982571,3.529652184,1.008472052,260,0.397504432,0.233740181,0.066782909
261,53.45312776,1.984194608,0.566912745,261,28.02063529,1.050269713,0.300077061,261,30.31790492,1.217162234,0.347760638,261,34.89563172,3.552969623,1.015134178,261,-0.029942048,0.211722252,0.060492072,261,34.93324676,3.530106119,1.008601748,261,0.397781547,0.233702449,0.066772128
262,53.45365368,1.984429103,0.566979744,262,28.00177737,1.04973329,0.299923797,262,30.28077081,1.216682844,0.34762367,262,34.88786453,3.553273637,1.015221039,262,-0.02996605,0.211891969,0.060540563,262,34.92551068,3.530390181,1.008682909,262,0.397934787,0.233681591,0.066766169
263,53.45408518,1.98464808,0.567042308,263,27.98436007,1.049182435,0.29976641,263,30.24391883,1.216079933,0.34745141,263,34.87846829,3.553374492,1.015249855,263,-0.029998416,0.212120833,0.060605952,263,34.91615512,3.530462622,1.008703606,263,0.397930146,0.233682223,0.066766349
264,53.45445556,1.984855479,0.567101565,264,27.96805169,1.048621758,0.299606217,264,30.20732567,1.215363107,0.347246602,264,34.86914979,3.553436023,1.015267435,264,-0.030030702,0.21234913,0.06067118,264,34.90687721,3.530495553,1.008713015,264,0.39792538,0.233682871,0.066766535
265,53.45479097,1.985052665,0.567157904,265,27.95269572,1.048054894,0.299444255,265,30.17096946,1.214540963,0.347011704,265,34.85992121,3.553458318,1.015273805,265,-0.030063088,0.212578133,0.06073661,265,34.89768933,3.530488932,1.008711123,265,0.39792074,0.233683503,0.066766715
266,53.45510231,1.98524029,0.567211511,266,27.93820035,1.047484825,0.299281378,266,30.13482774,1.213621969,0.346749134,266,34.85078291,3.553442185,1.015269196,266,-0.030095387,0.212806523,0.060801864,266,34.88859164,3.530443757,1.008698216,266,0.397916099,0.233684134,0.066766896
267,53.45539467,1.985418879,0.567262537,267,27.92449561,1.04691404,0.299118297,267,30.09887906,1.212614006,0.346461144,267,34.84174107,3.553383109,1.015252317,267,-0.030120596,0.21298478,0.060852794,267,34.87958148,3.530362238,1.008674925,267,0.397912462,0.233684629,0.066767037
268,53.45567092,1.985589031,0.567311152,268,27.91151109,1.046344692,0.298955626,268,30.06310309,1.211524412,0.346149832,268,34.8328127,3.553266742,1.015219069,268,-0.030120377,0.212983231,0.060852352,268,34.87065283,3.53024764,1.008642183,268,0.397912462,0.233684629,0.066767037
269,53.45593231,1.985750868,0.567357391,269,27.89920977,1.045778246,0.298793785,269,30.02748046,1.210360076,0.345817164,269,34.82397343,3.553117182,1.015176338,269,-0.030120161,0.212981703,0.060851915,269,34.8618133,3.530099632,1.008599895,269,0.397912462,0.233684629,0.066767037
270,53.45617996,1.985904774,0.567401364,270,27.88755565,1.045216074,0.298633164,270,29.99199395,1.209127798,0.345465085,270,34.81522477,3.552936251,1.015124643,270,-0.030119948,0.212980195,0.060851484,270,34.85306437,3.529920034,1.008548581,270,0.397912462,0.233684629,0.066767037
271,53.45641475,1.986051124,0.567443178,271,27.87651446,1.044659349,0.2984741,271,29.9566277,1.207834099,0.345095457,271,34.80656779,3.552725635,1.015064467,271,-0.030119737,0.212978705,0.060851059,271,34.84440713,3.529710536,1.008488725,271,0.397912462,0.233684629,0.066767037
272,53.45663741,1.98619028,0.567482937,272,27.86605376,1.04410909,0.298316883,272,29.92136709,1.206485466,0.344710133,272,34.79800315,3.552486942,1.014996269,272,-0.030119529,0.212977231,0.060850637,272,34.83584223,3.529472753,1.008420786,272,0.397912462,0.233684629,0.066767037
