"","year","lrf.m","lrf.sd","lrf.l","lff.m","lff.sd","lff.l","lcf.m","lcf.sd","lcf.l","stdi.m","stdi.sd","stdi.l","smdi.m","smdi.sd","smdi.l","tsdi.m","tsdi.sd","tsdi.l"
"year11",11,14.0736718099346,0.944715395255123,50,1.41195137778592,0.117769235760203,50,0.0147128193941325,0.00464533787251815,50,-12.4634362120724,2.71836501066931,50,2.31541817077043,2.25207843828381,50,-14.4441443958328,1.72283757114425,50
"year12",12,14.5031594607689,1.0392324607983,50,1.33486221334101,0.131216072850636,50,0.022260298744734,0.00713588563965329,50,-12.9157474159298,2.73451402210514,50,2.2983583704964,2.23041584811333,50,-14.8903581990277,1.78565416799924,50
"year13",13,16.7768344845234,0.943964869215056,50,1.48711034142027,0.120058176060048,50,0.0356991960907601,0.0112940655612547,50,-12.846842903248,2.72869736688131,50,2.30217826167329,2.23045328190053,50,-14.8248146314081,1.78433449721856,50
"year14",14,19.2155181048395,0.897735888474461,50,1.66608014047961,0.114787956903534,50,0.0524061375002702,0.0164627293835397,50,-12.8671498135015,2.73512363703542,50,2.30904018532437,2.23354903118174,50,-14.8507825516806,1.78882032969938,50
"year15",15,21.5749448644587,0.875563412138868,50,1.84199321841886,0.112362768755003,50,0.0718368949316658,0.0224301166452296,50,-12.9459830379487,2.74695487455207,50,2.31644501360842,2.23717939951864,50,-14.9358668667069,1.799800814489,50
"year16",16,23.8157921878157,0.862800392196833,50,2.0097040690676,0.110948480593901,50,0.0937824244764767,0.0291121866819862,50,-13.0534733588531,2.76137975342271,50,2.32395689677488,2.24091881047213,50,-15.0497641998346,1.81465564792289,50
"year17",17,25.9480404348014,0.855568944703851,50,2.17001779266763,0.110029801911786,50,0.118099485741201,0.0364596550051504,50,-13.2073971422287,2.7667761048745,50,2.30328645635352,2.23099677954641,50,-15.1858721559995,1.83227051907623,50
"year18",18,27.974101865201,0.8528373349307,50,2.32275533632847,0.109417239948965,50,0.144669607860367,0.0444353119458881,50,-13.3823294520968,2.77048570788956,50,2.27466878429873,2.21730744007999,50,-15.336165094011,1.85169161882479,50
"year19",19,29.8969860439147,0.854275351943117,50,2.46791678079019,0.109008673756674,50,0.173383718838351,0.0530061243763969,50,-13.5668122754307,2.77521504640344,50,2.24604431063443,2.20371011817241,50,-15.4960105315817,1.87233514044571,50
"year20",20,31.7219032831468,0.859988351262399,50,2.6058371851432,0.108775583265528,50,0.204139050470147,0.0621412683411822,50,-13.7586980126488,2.78076319590108,50,2.21740702534364,2.19020096527321,50,-15.6632519798541,1.89388219545623,50
"year21",21,33.4542758860801,0.870192209122537,50,2.73690258671691,0.108723062637463,50,0.236838942004555,0.0718117664155088,50,-13.9565691861437,2.78699273166161,50,2.18875266296066,2.17677934532054,50,-15.8364667009962,1.91612164189304,50
"year22",22,35.0982147981716,0.884885827266935,50,2.86507553820295,0.109135460895956,50,0.27138873093663,0.0819894403203354,50,-14.1776629037805,2.78757733450102,50,2.14221520319527,2.15510864234912,50,-16.0175253550621,1.93913599377448,50
"year23",23,36.6585009093182,0.904066088049597,50,2.99156439046844,0.110128916970651,50,0.307702474811816,0.0926485306520798,50,-14.4174722606086,2.78414599562206,50,2.08160579928316,2.12724894724599,50,-16.2052005568042,1.96279640533512,50
"year24",24,38.1404762025657,0.927698198111558,50,3.11475157388498,0.111507648316803,50,0.345702046060761,0.103765406896831,50,-14.660238574072,2.78132326665216,50,2.02158224923163,2.09924288857687,50,-16.396342499599,1.9868329708883,50
"year25",25,39.54868425331,0.955544329020769,50,3.23449777065974,0.11313612321739,50,0.385311428008297,0.11531724855614,50,-14.9044184124467,2.77874336455617,50,1.96275011778798,2.07049100385824,50,-16.589929795201,2.01113593320728,50
"year26",26,40.8873221023074,0.987270816109384,50,3.35091954812246,0.114966145295067,50,0.426458395729807,0.127282692937021,50,-15.1504980808681,2.77694914322637,50,1.90389319253346,2.04221482879533,50,-16.7853982842189,2.03556923790662,50
"year27",27,42.1654094782806,1.02272439375953,50,3.46638046866166,0.117136459208711,50,0.468903158244866,0.1395879181992,50,-15.3915000791087,2.77835514283948,50,1.85232634399555,2.01789659186274,50,-16.9820549722694,2.06006093536337,50
"year28",28,43.3941172780749,1.0617778412936,50,3.58409134518712,0.119868250929879,50,0.512472174125249,0.152178765875329,50,-15.6215835877394,2.78505625963469,50,1.8149497094245,2.00061180887531,50,-17.1799882362615,2.08463964057799,50
"year29",29,44.5718109067083,1.10362514504635,50,3.70158922025246,0.122953036509161,50,0.557026778066466,0.165013848124949,50,-15.8535506295975,2.79218043204306,50,1.77756757413038,1.98355066787823,50,-17.3798053427738,2.10935101666128,50
"year30",30,45.7006865538305,1.14766534056607,50,3.81846162587859,0.126232984095056,50,0.602481182651283,0.178068978105317,50,-16.086115655183,2.79960073487493,50,1.7401684369339,1.96670864915028,50,-17.5802088872427,2.13403105303692,50
"year31",31,46.8477562873456,1.19546173565588,50,3.93464725430685,0.129647605997395,50,0.64872478453817,0.191312758579751,50,-16.3266093398165,2.8081332371347,50,1.70298123485537,1.95036296009352,50,-17.7886953352677,2.15952372416195,50
"year32",32,47.8982258798379,1.24302751249921,50,4.05090190707246,0.133219931637695,50,0.695615795730974,0.204703766262878,50,-16.5615050263329,2.81633013241262,50,1.66565459760509,1.93399197074306,50,-17.9915169171297,2.18437343449501,50
"year33",33,48.8887566241911,1.29060218851674,50,4.17227912971027,0.137257447775517,50,0.743384931491954,0.218316233511015,50,-16.7895577621145,2.82416821642974,50,1.62991661400506,1.91788639761007,50,-18.188848376937,2.20838498240316,50
"year34",34,49.8281089175056,1.3387499540619,50,4.29571323325085,0.141589062033206,50,0.791940141476429,0.232126368168734,50,-17.0143545472017,2.83147792405829,50,1.59475706865439,1.90147443536568,50,-18.3834163199174,2.23186226757732,50
"year35",35,50.7203222378959,1.38748365515694,50,4.42058261284162,0.146059649816069,50,0.841196576739533,0.24610833304562,50,-17.2372083393317,2.83879859096039,50,1.55958093429434,1.8852874701155,50,-18.5760264599848,2.25495293703682,50
"year36",36,51.5683494200654,1.43663080764373,50,4.5466928224122,0.150612812661793,50,0.891189598686878,0.260273813719967,50,-17.4582395596685,2.84614922869729,50,1.52438951943665,1.86933328935038,50,-18.7668012903397,2.27769237696551,50
"year37",37,52.4136444325194,1.48676340339525,50,4.67394433934472,0.155229195279432,50,0.942052715079662,0.274665863122526,50,-17.6822649762314,2.85407133420845,50,1.48930614056867,1.85377577166055,50,-18.9606480134709,2.30065642861168,50
"year38",38,53.2489712138307,1.53665473561847,50,4.79162221078625,0.159197023677031,50,0.993131055136831,0.289089169571597,50,-18.0232868278901,2.83070024237804,50,1.33851309763393,1.78192247362911,50,-19.1721014139758,2.32573119506214,50
"year39",39,54.0696239898138,1.58632306260116,50,4.90456491558159,0.162753142188468,50,1.04460935308871,0.303591973318556,50,-18.3639791260519,2.79518128470324,50,1.18715557044329,1.6999932881013,50,-19.3825702318685,2.34911717588642,50
"year40",40,54.8752419153043,1.6358655882164,50,5.01457314229503,0.166249804208876,50,1.09688003572699,0.318296607509834,50,-18.6921775368564,2.75986079485866,50,1.04673530256826,1.61662958610143,50,-19.5899436244957,2.37214618360236,50
"year41",41,55.6664704757191,1.6850074302582,50,5.1221424941066,0.169790457802274,50,1.14984494840611,0.333181062087273,50,-19.0012418496372,2.72221583587971,50,0.923678473564896,1.52810855564144,50,-19.7930529310667,2.3946318760257,50
"year42",42,56.4080644366016,1.73315384934272,50,5.22747622732924,0.173382980733165,50,1.20347616883212,0.348238675964225,50,-19.2909198303745,2.69396035269403,50,0.813523032057092,1.43773262701715,50,-19.9880207420098,2.41744192751117,50
"year43",43,58.245360422681,1.79786198457616,50,5.32763838556653,0.177002340524405,50,1.25780025110489,0.363470689238784,50,-19.6206154931889,2.72225350790529,50,0.802486440673859,1.42821917745694,50,-20.3080034323102,2.45470600507726,50
"year44",44,59.6133356361899,1.85791468330174,50,5.42285169926139,0.180558375988424,50,1.31245420852022,0.378766508249388,50,-19.8786362042273,2.76237162037596,50,0.828817399452549,1.45523653433471,50,-20.5886726828525,2.48889102317931,50
"year45",45,60.7773468218632,1.91043702447428,50,5.51437670539565,0.184100281216857,50,1.3671555772611,0.394041420459589,50,-20.0687456439577,2.79648686493226,50,0.857572386887031,1.48026356905084,50,-20.8035327173453,2.51538415213198,50
"year46",46,61.8515660778649,1.96036398648638,50,5.60263058668831,0.187676624790874,50,1.4220991585038,0.409355962571513,50,-20.2261890266022,2.82853800262367,50,0.888395709995821,1.50434974780529,50,-20.9875121219843,2.53763085253754,50
"year47",47,62.8678387415449,2.00994761026394,50,5.68784434660456,0.191295084591702,50,1.4775147751927,0.424785004564779,50,-20.3720277449495,2.86035996483255,50,0.920012568039299,1.52843385097401,50,-21.1605770291159,2.55816533595458,50
"year48",48,63.9205617338009,2.06050239543779,50,5.7659643424688,0.194723196847476,50,1.53323406990668,0.440282485035846,50,-20.5529971638823,2.88005346335435,50,0.923278456598447,1.53116569540483,50,-21.3443364977431,2.57937828102364,50
"year49",49,64.9712380928451,2.11134344223982,50,5.83457143600791,0.197818699216382,50,1.58900021657807,0.455769472323552,50,-20.7723066993231,2.88555909509731,50,0.893067801359603,1.50841551475581,50,-21.5376237715082,2.60142760056116,50
"year50",50,65.7593060529984,2.15922230728002,50,5.89710339783503,0.200797040860999,50,1.6448475699604,0.47125371183751,50,-20.96009682606,2.888986088488,50,0.862930153328678,1.48494631602761,50,-21.6995384296474,2.62004353097013,50
"year51",51,66.6032068675038,2.20780952278692,50,5.9544269204287,0.203763245894149,50,1.70085540050979,0.486762227303054,50,-21.1481623683492,2.89471512016142,50,0.834846849302102,1.46138049562891,50,-21.8634658162337,2.63867005848887,50
"year52",52,67.2894341082271,2.25545673882179,50,6.00696127217603,0.206743658862531,50,1.75702376141184,0.502298130771623,50,-21.3219591893682,2.90030421172566,50,0.809508743909021,1.43607699275829,50,-22.015556624712,2.65612794136889,50
"year53",53,67.9330570456378,2.30231519810159,50,6.05675812202605,0.209740060067941,50,1.81311831156815,0.517793921374829,50,-21.5308982470802,2.892912960082,50,0.745208381932999,1.37113746557399,50,-22.1693631480207,2.6742940217023,50
"year54",54,68.0351035870596,2.34343720235248,50,6.10885871738941,0.21276334520605,50,1.8689651991718,0.533198628669316,50,-21.7633765973708,2.80004220982435,50,0.594714118816203,1.16729074123056,50,-22.2722916949042,2.68265040666806,50
"year55",55,68.0552045741987,2.38438490898254,50,6.16031699192626,0.215879979555345,50,1.92473374028221,0.548577923395401,50,-21.9588250935657,2.71259375533945,50,0.464404801835001,0.965396892872985,50,-22.355444304894,2.68739712420491,50
"year56",56,68.1144043513741,2.4261394494903,50,6.21056048630629,0.219022547851236,50,1.98041704247354,0.563913855540508,50,-22.1673755948134,2.65415263749098,50,0.341686873674755,0.775659927062259,50,-22.4583989676714,2.69577758583104,50
"year57",57,68.2742547776111,2.46761234166542,50,6.25953316560121,0.222169631158959,50,2.03599407014511,0.579197021708758,50,-22.39882334897,2.62719417399874,50,0.22636961219641,0.605970435474876,50,-22.590791459183,2.70949720073246,50
"year58",58,68.6264074983098,2.50918837709377,50,6.30744039740551,0.225456841933392,50,2.09142914150251,0.594409621833081,50,-22.6325639149872,2.6507762516517,50,0.145141763206142,0.458484816423897,50,-22.755239529967,2.73139302473523,50
"year59",59,68.8956025838036,2.5495143929538,50,6.35761685997111,0.228869375584997,50,2.1469253379745,0.60961790574239,50,-22.794721916736,2.67251076679143,50,0.131166522817873,0.424893645987254,50,-22.9055574176294,2.74925866151591,50
"year60",60,69.1762394090218,2.58824643488202,50,6.40812279839395,0.232290648714324,50,2.2025345326134,0.624850295143313,50,-22.9481544855231,2.69326337188216,50,0.119222781638571,0.391266403779738,50,-23.0488879000145,2.76626025956047,50
"year61",61,69.4221967854687,2.62551765727855,50,6.45864335483516,0.235676789664006,50,2.25830672007579,0.640123185846923,50,-23.0924345973052,2.71343553495215,50,0.107262891081318,0.358092076736838,50,-23.1830538901122,2.78214851627548,50
"year62",62,69.6484951578535,2.6614337993,50,6.50911212256535,0.239015465387434,50,2.31418966627238,0.655420672641103,50,-23.2289348013071,2.73311449936405,50,0.0952969771714118,0.325556815372672,50,-23.3094347224209,2.79702520372458,50
"year63",63,69.8614729334782,2.69519508831872,50,6.5596125536212,0.242126790395359,50,2.37047079955899,0.670831999181228,50,-23.3525478609829,2.73955895804804,50,0.08502895662345,0.293135533347113,50,-23.4243718269411,2.79908118081757,50
"year64",64,70.0653825332252,2.72420870546961,50,6.61364521782538,0.244676129471466,50,2.42729547520798,0.686440678792709,50,-23.4389652665739,2.69892258346772,50,0.0837225023784453,0.288685310571598,50,-23.5097222559868,2.75845259049465,50
"year65",65,70.2597921881266,2.75081448984292,50,6.6700362299415,0.247182088930891,50,2.4843144072557,0.702106727640197,50,-23.5174246146276,2.65911955015777,50,0.0844269697989381,0.291061413748913,50,-23.5888702435488,2.71746433224814,50
"year66",66,70.4462253249035,2.77575947627917,50,6.72811579437798,0.249652392396606,50,2.54141977122995,0.717745133336174,50,-23.5775623139348,2.59855299172135,50,0.0851314549597032,0.293439931055639,50,-23.6496966617736,2.65624001632079,50
"year67",67,70.5960838098624,2.79934832568888,50,6.78766669268259,0.252080842788493,50,2.5985067404223,0.733318131444862,50,-23.6208956292288,2.52840163327453,50,0.0858301305056528,0.295800827851265,50,-23.6937153765956,2.58568924711617,50
"year68",68,70.7198154602912,2.82127572432308,50,6.84882511316278,0.25429806223235,50,2.65564190153399,0.748834625396855,50,-23.6333850986927,2.44403126486366,50,0.0864805453726035,0.297990670298228,50,-23.7068880987764,2.50020977756559,50
"year69",69,70.8837804917419,2.83919581322811,50,6.90946192176224,0.255989055703445,50,2.71292579587504,0.764419798166582,50,-23.6188390514266,2.35253395648151,50,0.0833391029305898,0.28731935019391,50,-23.6898776306662,2.403568247598,50
"year70",70,71.0235196450745,2.85334735431863,50,6.968725628616,0.257220532913453,50,2.77028519564654,0.780063684351243,50,-23.601602590753,2.27155138102283,50,0.0775682806078908,0.267723978893885,50,-23.6678889042104,2.31701359968139,50
"year71",71,71.1288600813588,2.86423797671549,50,7.02794014020652,0.25807966688054,50,2.82780756212692,0.795795906985818,50,-23.5550540893777,2.18092732493502,50,0.0718212594367503,0.248232363829197,50,-23.616584071667,2.22161197001588,50
"year72",72,71.2342710354109,2.87217109373908,50,7.08747539400581,0.258684507201774,50,2.88539360448405,0.811579282265196,50,-23.4828953838991,2.07893386737346,50,0.0661048797072351,0.228873372961901,50,-23.5396698346818,2.11561365276564,50
"year73",73,71.0054499095024,2.87770044427668,50,7.14769461079918,0.258919406140617,50,2.94297709063338,0.827500816006003,50,-23.3326012256142,1.96123286406412,50,0.0603756230013431,0.209505312740273,50,-23.3845900799336,1.99498368455621,50
"year74",74,71.1437740315265,2.87366682989,50,7.21544073543687,0.258770859166122,50,3.00108397148334,0.843572429369043,50,-23.0711927362956,1.76293038824528,50,0.0533367885293308,0.185737378136942,50,-23.117355216082,1.79129160684253,50
"year75",75,71.3523873987883,2.85937957629787,50,7.29954225373493,0.258222128699509,50,3.06099204468545,0.860090328811938,50,-22.5768439223842,1.4606537374517,50,0.0440200063338466,0.154438570349435,50,-22.6152533691407,1.48292758577462,50
"year76",76,71.3434403999229,2.84407337854043,50,7.39364970739053,0.258040851525098,50,3.12247089696848,0.877185518151026,50,-21.9527914447529,1.17420569974738,50,0.0348260813078735,0.123863467680878,50,-21.9834281774679,1.19195958146353,50
"year77",77,71.4788177353514,2.83004447341914,50,7.49549908307936,0.258823230645576,50,3.18523748837913,0.894771961310213,50,-21.262672895369,0.920781203077789,50,0.0257891985385055,0.0944097338651846,50,-21.2855452637035,0.93488490272034,50
"year78",78,71.6929262791603,2.81598780455087,50,7.60494561445913,0.259649106360929,50,3.24943277909702,0.912857325756566,50,-20.4887434806604,0.738552966660555,50,0.0168925710505567,0.0667638190183107,50,-20.5038506318476,0.749810096110735,50
"year79",79,72.0876425219429,2.80171707498767,50,7.71704596793583,0.260674509616622,50,3.3147697497701,0.931391247538095,50,-19.7005220326782,0.627296577702391,50,0.0106089069908188,0.0424386469516378,50,-19.7100812644053,0.63542050307122,50
"year80",80,73.1721246996321,2.7844607482745,50,7.80636433970654,0.261776100351045,50,3.37973498104729,0.949746649146605,50,-19.1479307987832,0.574665828138318,50,0.00748382927400655,0.0299373613981503,50,-19.1547083758064,0.580666566612064,50
"year81",81,74.9270695824941,2.76695727116737,50,7.88687158842962,0.262804811236492,50,3.44469363172076,0.968014278338524,50,-18.6394283280879,0.543921252717927,50,0.00438439155705339,0.0175387153797075,50,-18.6434192931762,0.547542676017707,50
"year82",82,75.9546943549629,2.76092599638848,50,7.96251095513026,0.263962839397398,50,3.51002809058563,0.986318240501768,50,-18.047501347244,0.529253464280583,50,0.00130110453926193,0.0052047174444794,50,-18.0486920474157,0.530364195650309,50
"year83",83,76.8391095635577,2.76316663900504,50,8.03438678541244,0.265372465605106,50,3.57586050949105,1.00469403095225,50,-17.3898822996432,0.514054589993631,50,-0.00175131330304737,0.00700561148920249,50,-17.3882711268318,0.512479682624687,50
"year84",84,77.8765029628492,2.7686941503551,50,8.10283829815095,0.266895753272507,50,3.64221334539388,1.02318392466756,50,-16.7197757472114,0.497971032503426,50,-0.00476913549639107,0.0190777058721975,50,-16.7153653549149,0.493443938639598,50
"year85",85,78.8904748136267,2.77466426686577,50,8.16836441138168,0.268561287776117,50,3.70474194472763,1.04059337378858,50,-16.7049035278735,0.504226142918606,50,-0.00676169606680332,0.027707128046322,50,-16.6986586367866,0.497924711795555,50
"year86",86,80.0621520293536,2.78221411453669,50,8.22956220991441,0.270312998804585,50,3.76437162028911,1.05713152396319,50,-16.8168029606968,0.518447654706316,50,-0.0087634154667245,0.0369937755563677,50,-16.8087240117344,0.51057276077323,50
"year87",87,81.4011026313956,2.79186162930066,50,8.28874770326741,0.272080692910145,50,3.82255985060647,1.07319804637792,50,-16.9736159799257,0.537582186461769,50,-0.0107771536787038,0.0465878737461713,50,-16.9636983411419,0.528297249316609,50
"year88",88,82.9339682330645,2.80416601732657,50,8.3466740706072,0.273873813682125,50,3.87971133017791,1.08892678802755,50,-17.1645871500629,0.560480413697113,50,-0.0128042848736391,0.0563701027679853,50,-17.1528251142434,0.549934092522702,50
"year89",89,84.5305472102524,2.81956471978495,50,8.40354551171143,0.275701368765205,50,3.9359121849505,1.10435492414798,50,-17.3763312249184,0.585865644078084,50,-0.014585520133412,0.0650837820922901,50,-17.362957570022,0.57429949958088,50
"year90",90,86.2045515883394,2.8397308332761,50,8.46679982750823,0.27760603362136,50,3.99628773084648,1.12091294726037,50,-16.8490511609978,0.570966880054038,50,-0.0146955594011587,0.0657025128222644,50,-16.8355031967611,0.558992085814728,50
"year91",91,88.0208069421877,2.86355315781222,50,8.53725439955098,0.279618559208665,50,4.06140874378223,1.13882365034895,50,-15.9321914805787,0.536533860237883,50,-0.0143973146163842,0.0642375715582923,50,-15.9188057621424,0.524164265989368,50
"year92",92,89.950613192773,2.89019549587769,50,8.61044003981582,0.281746575730847,50,4.12902288542632,1.15748811182,50,-14.9521732195718,0.500255387798286,50,-0.0141043561728577,0.0628115633642018,50,-14.9389500574493,0.487379959302629,50
"year93",93,91.9863877470692,2.91961340226107,50,8.68413164803592,0.283939806876632,50,4.19812139129386,1.1766029858933,50,-13.9356374496452,0.463115823812491,50,-0.0137168932863705,0.0609540110807587,50,-13.9226706204257,0.44968440550153,50
"year94",94,93.1820566652681,2.94717761235133,50,8.75785161882828,0.286154373873036,50,4.26837202482851,1.19605164774896,50,-12.8540963668043,0.424724947440987,50,-0.0132435166755897,0.0587002042759435,50,-12.8414723639654,0.41059709266354,50
"year95",95,93.5727051665445,2.97381620389574,50,8.84305073377453,0.288561361375266,50,4.34141150341949,1.21627852772525,50,-11.4706873934578,0.377354010890608,50,-0.0135517704315595,0.0602716549491127,50,-11.4576295373614,0.360401431570914,50
"year96",96,93.910879263358,3.00390342438494,50,8.94700943310047,0.291334455413111,50,4.41856114177845,1.23766415626244,50,-9.78989235220075,0.327356987046012,50,-0.0140804887824942,0.0631187626594904,50,-9.7761437450048,0.305412167229641,50
"year97",97,94.474449282319,3.03591392986411,50,9.0616721550384,0.294389635466848,50,4.49861165810541,1.2598881631998,50,-8.08164704415605,0.29213138052963,50,-0.0145684487309796,0.0659247022810028,50,-8.06723276947966,0.264927489987446,50
"year98",98,95.1434574370507,3.06745991623209,50,9.18374908452019,0.297628384067447,50,4.580728408417,1.28271007647303,50,-6.3554676680933,0.278144644406103,50,-0.0150450945758098,0.0687975312216008,50,-6.34038347790641,0.246957019780762,50
"year99",99,95.8297789461743,3.09794586536964,50,9.31222278684331,0.300995567518948,50,4.66470123857095,1.30605848747738,50,-4.60772740516741,0.288559430247595,50,-0.0155075159719792,0.0716982093297106,50,-4.59197212757098,0.256325960207401,50
"year100",100,96.7492827492912,3.1272743120931,50,9.45024335687131,0.304582062572771,50,4.74914533428423,1.32953858183199,50,-2.99595934111894,0.316856481454697,50,-0.0160852998747936,0.0753390535963596,50,-2.97942775010981,0.285563449211854,50
"year101",101,97.7746485578833,3.15496446232874,50,9.60540612066645,0.308682266032088,50,4.83062265333742,1.35217195528644,50,-1.83231426335531,0.343500064364014,50,-0.0170055083502911,0.0810688475915446,50,-1.8147220479534,0.312205098618806,50
"year102",102,98.8732022270267,3.18241561958057,50,9.77075274997912,0.313184050502831,50,4.91043828415037,1.37428876263148,50,-0.694995463310429,0.373571655817202,50,-0.0179133778918475,0.0868742595736515,50,-0.676340230430399,0.34252410300187,50
"year103",103,100.001087761473,3.21011388032238,50,9.94632533706525,0.317954590549464,50,4.98994327477653,1.39626248419174,50,0.442208877833098,0.406556577633093,50,-0.0188081084980303,0.0927181600731947,50,0.461927410674879,0.375918761992219,50
"year104",104,101.100126924756,3.23821934641069,50,10.1318128102831,0.322962757269737,50,5.06952105377918,1.41821654101573,50,1.58427472509474,0.442204060988025,50,-0.0196885390076483,0.098569338394162,50,1.60505508822319,0.412094338809499,50
"year105",105,102.20598423786,3.26687768142219,50,10.3236718537691,0.328126552800559,50,5.14923243867157,1.44017859860245,50,2.72705721329077,0.479893187600549,50,-0.0205293910691842,0.104238048553059,50,2.74886932388991,0.450424972532724,50
"year106",106,103.305566872835,3.29582677378416,50,10.4461820177285,0.331633842542389,50,5.22783390778642,1.46180307862638,50,3.72095037662083,0.511337229939861,50,-0.0207155014957141,0.105597800508937,50,3.7430680027441,0.483486639447765,50
"year107",107,103.644472701836,3.32375147303221,50,10.5366019924228,0.333644226427643,50,5.30564446111838,1.48317430729644,50,4.66530096957489,0.542563135479356,50,-0.0208759686898139,0.106824608344276,50,4.68769806413142,0.516211693086995,50
"year108",108,103.777596391557,3.35260805687655,50,10.6076901543219,0.33489358698522,50,5.38312087974701,1.5044188693739,50,5.58061036216432,0.573351644283191,50,-0.0210331496818696,0.108035677550632,50,5.60328661747702,0.548322587811758,50
"year109",109,103.412697897151,3.38219932375987,50,10.6639930600776,0.335851530780434,50,5.46045707454892,1.52559781465356,50,6.4645216707753,0.603326408001541,50,-0.02117851413886,0.109184894220064,50,6.48746587247212,0.57948192630012,50
"year110",110,102.700994849003,3.41335793243784,50,10.7074442106976,0.336740481940041,50,5.53774330355201,1.54674186654421,50,7.3206576918321,0.632470469305149,50,-0.0213185004534051,0.110305751107347,50,7.34386623568982,0.609679113947653,50
"year111",111,102.1536714766,3.44424039148156,50,10.7558267148916,0.338043267840714,50,5.61150573930355,1.56687532572451,50,7.79835157834284,0.642874479071605,50,-0.0214515530404776,0.111230233774931,50,7.82171627670756,0.620433787451221,50
"year112",112,101.581625726103,3.47304133813379,50,10.8037718532443,0.339729717715619,50,5.68172905677342,1.58597345315812,50,8.15622096584535,0.647429760327715,50,-0.0215832999880399,0.11211297196096,50,8.17971900618108,0.625152582491786,50
"year113",113,100.958101448194,3.4997088158431,50,10.8486635348085,0.341595904841518,50,5.74984680383451,1.60442541081135,50,8.48340052660241,0.650739379012904,50,-0.021716007286488,0.113001241583309,50,8.50703348121141,0.628600665589379,50
"year114",114,100.766520444509,3.52260597112808,50,10.89021450652,0.343532092666169,50,5.81657315961219,1.62244206129402,50,8.81366621691546,0.654172466404013,50,-0.0218638207154879,0.113970850606348,50,8.83745197534092,0.632162662355014,50
"year115",115,100.791770318531,3.54109975527827,50,10.928404909728,0.345491281593547,50,5.88217257914646,1.64011076241543,50,9.14573649952914,0.658224986255713,50,-0.0220166074422644,0.114967144262992,50,9.16967993469671,0.636381385657291,50
"year116",116,100.992470273561,3.55709685407642,50,10.974194689357,0.347617151351059,50,5.94903123873046,1.65811307373642,50,9.70933119844283,0.674969181864149,50,-0.0222635582312034,0.116675682696064,50,9.73360112015807,0.653575287941706,50
"year117",117,100.888057957305,3.57312529970139,50,11.0306930438745,0.350004581244368,50,6.01825948768123,1.6767817005872,50,10.4246444958773,0.700878839065137,50,-0.0225572805373349,0.118774491875874,50,10.4493362060824,0.680153419718364,50
"year118",118,100.291042421432,3.59110733112858,50,11.0923805418255,0.352588414664603,50,6.08879242596756,1.69583619927903,50,11.1177459022747,0.72718726881196,50,-0.022833963920375,0.120783575875299,50,11.1428417873147,0.707153978180542,50
"year119",119,99.4031167362953,3.61120878862501,50,11.1565153069021,0.355278113002386,50,6.15987229416673,1.71506313556424,50,11.7839609743404,0.753063092927568,50,-0.0231028812939161,0.122752340342307,50,11.8094554979117,0.733700552048824,50
"year120",120,98.3468516167137,3.632255594864,50,11.2221583625233,0.35801273014205,50,6.23126226045511,1.73438708761049,50,12.4335745666747,0.778437203995401,50,-0.0233684882213856,0.124704004585246,50,12.4594672703924,0.759710355264897,50
"year121",121,97.5352240924572,3.65121469951041,50,11.2880344931425,0.360743906644082,50,6.30315418497296,1.75385672597849,50,13.1231023520751,0.806038297078177,50,-0.0238937063838989,0.128411763783428,50,13.1496954001424,0.787648055772803,50
"year122",122,96.8121134071549,3.66654885605477,50,11.3530579790504,0.363442287578575,50,6.37591325027623,1.77357170376707,50,13.8726594628901,0.836081872668335,50,-0.0237699993876299,0.127739725476916,50,13.8992445860053,0.818823120986874,50
"year123",123,96.1223990495162,3.67871407678655,50,11.4181314488889,0.366113102959275,50,6.44936255488452,1.79348499238647,50,14.633560665078,0.867220717986372,50,-0.0236484760659317,0.127079244248606,50,14.6601389814157,0.851024898930324,50
"year124",124,95.4136580370772,3.68859556213039,50,11.483300450933,0.36877015589049,50,6.52332332921561,1.81354610089052,50,15.3953838970627,0.899032297349698,50,-0.0235272077705952,0.126419920242882,50,15.4219545317245,0.883837980588335,50
"year125",125,94.8385503939622,3.69595922939405,50,11.5485913545723,0.371419523306761,50,6.59773902923886,1.8337368587976,50,16.1657751038131,0.93170299754242,50,-0.0234109599228725,0.12578814678098,50,16.1923435740104,0.917450388545112,50
"year126",126,94.3295767082212,3.70070543938247,50,11.6132283164729,0.37405475403057,50,6.671827596015,1.85383439406214,50,16.8717912044295,0.961317337760515,50,-0.0233172058541584,0.1252785542834,50,16.8983589895496,0.947874394534845,50
"year127",127,93.8226555983599,3.702812839082,50,11.6730233058228,0.37661905377347,50,6.74166885491703,1.8727250105707,50,17.1956046000655,0.971241629914222,50,-0.0233312594491326,0.125355106113028,50,17.2221723586548,0.958176274941255,50
"year128",128,93.3188201915388,3.70343712294621,50,11.728364143999,0.379083974532021,50,6.80824377303417,1.89066302834947,50,17.4708002245525,0.97956036038256,50,-0.023344153544524,0.125425149832896,50,17.4973681725285,0.966871434544455,50
"year129",129,92.829276257637,3.70303372806457,50,11.781840519456,0.381457248348977,50,6.87310144341136,1.90807276996708,50,17.7168559012323,0.986842648365332,50,-0.0233566832202757,0.125493204200214,50,17.743424124293,0.974524777115498,50
"year130",130,92.3572872630405,3.70173553241871,50,11.834366354197,0.383771339796756,50,6.93680435879976,1.92512501093934,50,17.9411265430542,0.993421650293574,50,-0.0233690982186499,0.125560652886566,50,17.9676950835843,0.98146756972893,50
"year131",131,91.9034633697994,3.69960812636062,50,11.8862809055774,0.386048209013162,50,6.99955126707263,1.94188673920012,50,18.1468559924756,0.999477473175368,50,-0.0233814798137604,0.12562793374005,50,18.1734248759099,0.987879905307311,50
"year132",132,91.4315075526692,3.69606366325229,50,11.9359457395267,0.38827488648744,50,7.05796761189746,1.95741080339004,50,18.0241981180446,0.988370298705232,50,-0.0234824755640585,0.126177196668671,50,18.0507676221066,0.976826891889326,50
"year133",133,90.9447158987235,3.69165042007799,50,11.9823275645883,0.390431358767776,50,7.11248913777929,1.97180836935612,50,17.8267141159581,0.974151702459716,50,-0.0235886000255249,0.126754305780151,50,17.8532843430787,0.962640803632302,50
"year134",134,90.4549920616538,3.68658542646439,50,12.0271024067775,0.392513239903179,50,7.16443383590517,1.98544111872483,50,17.5887645367677,0.958324584894596,50,-0.0236948439889369,0.127332136574821,50,17.6153355272437,0.946838990755074,50
"year135",135,89.9670754251185,3.68087262991687,50,12.0709770212669,0.394539341491838,50,7.21435602732952,1.99847594986094,50,17.3182003616055,0.941228652959341,50,-0.0238014827548363,0.127912199420026,50,17.3447721375778,0.929758312313001,50
"year136",136,89.4826089308437,3.67449235940304,50,12.114195675951,0.396524826001089,50,7.26247984989613,2.01098737000245,50,17.0187120900366,0.923051756629615,50,-0.0239086132295961,0.12849501024815,50,17.045284667332,0.911585516405479,50
"year137",137,89.0463400325703,3.66826669432526,50,12.1778114759451,0.398802886503887,50,7.31331721893056,2.02425720005469,50,17.082319821287,0.92538719711244,50,-0.0239060328250838,0.128480914738016,50,17.1088937111149,0.914314234111689,50
"year138",138,88.667099788012,3.66182725934485,50,12.2620441051326,0.401499256823659,50,7.36780578013681,2.03857779628017,50,17.3207547126094,0.937144008972291,50,-0.0238623146794754,0.128243083820147,50,17.347330255626,0.926595630365586,50
"year139",139,88.3267976124162,3.65478126679501,50,12.3584306104487,0.404524368019145,50,7.4240975969242,2.05345396095707,50,17.5821859758451,0.950005504986609,50,-0.0238198041796232,0.128011800452051,50,17.6087632777089,0.939957948466102,50
"year140",140,88.0141963025795,3.64718602897972,50,12.4629297341831,0.407764896444451,50,7.4810810944809,2.06856771473372,50,17.8526314029153,0.963420335427218,50,-0.023777753833167,0.127782948190986,50,17.8792105053752,0.953853819691545,50
"year141",141,87.7247662463137,3.63919219255367,50,12.5739733219373,0.411147334928212,50,7.53837605657699,2.08379778118102,50,18.1272586695737,0.97714109053912,50,-0.0237359270071062,0.127555267660567,50,18.1538395945115,0.96803630379918,50
"year142",142,87.4701042514005,3.63118477197278,50,12.6812910270921,0.414470987972617,50,7.59727310670323,2.09949895456728,50,18.5258176494311,0.997793950180024,50,-0.0236590362826865,0.127136817675859,50,18.5523998427827,0.989229780970553,50
"year143",143,87.2599916884181,3.62330160202369,50,12.7802445537609,0.417571473697659,50,7.65888714932693,2.11598738687677,50,19.0604536341519,1.02570663374504,50,-0.0235477429996928,0.126531309656555,50,19.0870363844785,1.01774055738979,50
"year144",144,87.0861428202127,3.61535600974286,50,12.8768882829541,0.42052535333107,50,7.72242754144264,2.13304795501272,50,19.6170875492296,1.05436040777879,50,-0.0234374505163544,0.12593136148094,50,19.6436706642811,1.04694498473769,50
"year145",145,86.9412726186063,3.60738063108401,50,12.9724559768377,0.423426145461431,50,7.78720841142293,2.15048642790299,50,20.1876319288767,1.08349172219309,50,-0.0233278769771334,0.125335376985086,50,20.2142153530529,1.07658497867633,50
"year146",146,86.8220587946765,3.59946967635287,50,13.0674362020721,0.426321117333202,50,7.85299341620503,2.16822818624876,50,20.7691012266317,1.11297915184691,50,-0.0232189351586624,0.12474287547036,50,20.7956849451831,1.10654319372629,50
"year147",147,86.7277287513734,3.59172655915531,50,13.1613147736702,0.429220143432599,50,7.9198114938864,2.18627527939197,50,21.3703774126417,1.14331814375316,50,-0.0231076491918532,0.124137677551321,50,21.3969613800706,1.13732413413881,50
"year148",148,86.6596648056198,3.5842534154029,50,13.2527255830618,0.432103813313491,50,7.98791716298487,2.20469625424124,50,22.007727124291,1.17536786089295,50,-0.0229894789401317,0.123495109654371,50,22.0343112185996,1.16979694931587,50
"year149",149,86.6157688533244,3.57705214949312,50,13.3428427729724,0.434985801428671,50,8.05718456099755,2.22345461098179,50,22.6567736034263,1.20773562120079,50,-0.0228720784115194,0.122856802122869,50,22.6833577948959,1.20255474661707,50
"year150",150,86.5938134719638,3.57015183825674,50,13.4319246750439,0.437881963598885,50,8.1274623501505,2.24250660637569,50,23.3155860770317,1.24036209161167,50,-0.0227553891067583,0.122222424283381,50,23.3421703599138,1.235541521428,50
"year151",151,86.59236416456,3.56359024848774,50,13.5201075960362,0.440799651969157,50,8.19868503259601,2.26183130928912,50,23.9832166207893,1.27321325300536,50,-0.0226393905781697,0.121591862738071,50,24.0098009962748,1.26872608626342,50
"year152",152,86.6083848740166,3.55736457154246,50,13.6068191345925,0.443731507048931,50,8.27060734624947,2.28135713620177,50,24.6423528552114,1.30536912343834,50,-0.0225287511783318,0.120990488329309,50,24.6689373183755,1.30118383182659,50
"year153",153,86.6112262230845,3.55096027172635,50,13.6819839517682,0.446514518417314,50,8.33992559707702,2.30014491798938,50,25.0460529733851,1.3236630773337,50,-0.0224917293667534,0.120789236626717,50,25.0726373967722,1.31965304624014,50
"year154",154,86.6053620349809,3.54478807057237,50,13.7489404063664,0.449126973031019,50,8.40718944546635,2.31833714177467,50,25.4234023887104,1.34113215814473,50,-0.0224538146236762,0.120583075338615,50,25.4499867406457,1.33729759479236,50
"year155",155,86.6004653723064,3.53899041106032,50,13.8110402320283,0.451616591509069,50,8.47359982592432,2.3362601173084,50,25.7886325025979,1.35814894010175,50,-0.0224156342534343,0.120375509579225,50,25.8152167759188,1.35448484652209,50
"year156",156,86.5999178544922,3.53355454409662,50,13.8696099605822,0.454037403587147,50,8.53960557918423,2.35404711482742,50,26.147154229654,1.3748995833671,50,-0.0223774023584235,0.120167703487848,50,26.1737384242044,1.37139884084551,50
"year157",157,86.6048312196824,3.52844806954493,50,13.9252333178535,0.456422024311809,50,8.60538373860612,2.37175532673238,50,26.5011486247272,1.39147843759689,50,-0.0223391969025494,0.119960068756983,50,26.5277327425008,1.38813384377492,50
"year158",158,86.6141374580585,3.52362039056491,50,13.9857484922931,0.458895499215511,50,8.67085830566061,2.38936797749191,50,26.8409066264442,1.40735989369181,50,-0.0223045282776275,0.119771671631049,50,26.8674910050365,1.40416025574987,50
"year159",159,86.627742953594,3.51906726680672,50,14.0492063057044,0.461477838753682,50,8.73605967900857,2.40689611921111,50,27.1749606169883,1.42302225785594,50,-0.0222706210652359,0.119587407153658,50,27.2015454139303,1.41996146601939,50
"year160",160,86.6459837538276,3.51478830680929,50,14.1137716291876,0.464130825274189,50,8.80106911317264,2.42436379883865,50,27.5058064355576,1.4385883301509,50,-0.0222367967183476,0.119403589110955,50,27.532391699333,1.4356617928213,50
"year161",161,86.6689251889517,3.5107778423149,50,14.1787660724329,0.466820292540018,50,8.86593395085406,2.44178564732815,50,27.8337394996202,1.45406601683518,50,-0.0222030424524229,0.119220152217068,50,27.8603252485566,1.45126941938808,50
"year162",162,86.6964669181757,3.50702976081295,50,14.2439273076987,0.469525903171823,50,8.93067983940049,2.4591699960329,50,28.1589459271284,1.46945989018931,50,-0.022169351349558,0.119037061293892,50,28.185532170078,1.46678902519769,50
"year163",163,86.7202303021366,3.50337869931938,50,14.3035824631797,0.472152577390635,50,8.99436504199106,2.47625021930214,50,28.4101819255484,1.48098952552487,50,-0.0221554446544337,0.11896146267086,50,28.4367685178178,1.47841835588788,50
"year164",164,86.7362255858661,3.49981940451323,50,14.3563432500609,0.474639470480914,50,9.05654483338141,2.49289783691667,50,28.6055390171258,1.48981447189019,50,-0.0221533538598698,0.118950046760507,50,28.6321258300102,1.48732985491143,50
"year165",165,86.7478579023276,3.49644771083648,50,14.4048547384515,0.477007928356769,50,9.11765858436586,2.50923226343228,50,28.7870245581271,1.4981730523029,50,-0.0221509847981474,0.118937121966792,50,28.8136115574294,1.49577575296392,50
"year166",166,86.7578297038215,3.49328226129804,50,14.4505319330043,0.47929647995707,50,9.17806518380416,2.52535491332731,50,28.9589635551432,1.50619230279202,50,-0.0221485111290485,0.118923646376469,50,28.9855507316448,1.50388119357003,50
"year167",167,86.7671762482201,3.49030857363514,50,14.4939753848586,0.481533040700386,50,9.23791390144081,2.54131160092281,50,29.1232454334036,1.51393886620152,50,-0.0221459966636024,0.118909962513092,50,29.1498327853113,1.51171208773131,50
"year168",168,86.7747160369808,3.48747745597238,50,14.5429089381265,0.483831262726697,50,9.29708494092055,2.55707140185894,50,29.2680564446158,1.52076869332327,50,-0.0221475204956448,0.118918227598376,50,29.2946443046078,1.51861986354261,50
"year169",169,86.7784658344393,3.48474556195266,50,14.6050980841567,0.486339737922157,50,9.35535737336259,2.57257324989561,50,29.3866271065827,1.52633880648155,50,-0.0221551607037134,0.1189597119758,50,29.4132160643438,1.52426022831314,50
"year170",170,86.7793962751567,3.48213762838779,50,14.6740380590376,0.489021855333449,50,9.41286622556336,2.58785538968069,50,29.4974558203133,1.5316523622068,50,-0.0221628739892526,0.11900156154838,50,29.5240460408506,1.52964401862743,50
"year171",171,86.7785775333662,3.47965632256826,50,14.7473281539192,0.491806602573809,50,9.4697600647996,2.60296013372663,50,29.6015001013144,1.5367253501874,50,-0.0221706211600821,0.11904357799451,50,29.6280916385092,1.53478714704747,50
"year172",172,86.7764479617137,3.47729178905434,50,14.8239473169085,0.494647337373681,50,9.52610542759658,2.6179080074708,50,29.6991609914935,1.54156646684839,50,-0.0221783859418406,0.119085681070066,50,29.7257538662276,1.53969802502697,50
"year173",173,86.773576074994,3.47504052540199,50,14.900655421802,0.497481881288232,50,9.58198439837916,2.63272381833056,50,29.7935873630782,1.54633461855666,50,-0.0221851864431011,0.119122540098188,50,29.820181464123,1.54453623233926,50
"year174",174,86.7716924149403,3.47292239812486,50,14.9659365931482,0.500127503855541,50,9.63762264559016,2.64747290271837,50,29.8952883131,1.55157741680827,50,-0.0221875377957991,0.119135228094873,50,29.9218830618382,1.54985247213945,50
"year175",175,86.7704843557124,3.47090728714728,50,15.0260493964977,0.502595095160006,50,9.6929952295372,2.66214977988402,50,29.992031857507,1.55661104703593,50,-0.0221897904781417,0.119147408150419,50,30.0186270980993,1.5549572671759,50
"year176",176,86.7693711591288,3.46897936659276,50,15.0832882810883,0.504950448443005,50,9.74803852152469,2.67673783034104,50,30.0839127505298,1.56144741000568,50,-0.0221920029812941,0.119159387355743,50,30.1105084360003,1.55986217948702,50
"year177",177,86.7681403701628,3.46713294805297,50,15.1385872835801,0.507241677820749,50,9.80273688198053,2.69123268415804,50,30.1712636347583,1.56609655984824,50,-0.0221941971620555,0.119171276846285,50,30.1978597497554,1.56457723429384,50
"year178",178,86.7667159442577,3.465364534552,50,15.1923570859368,0.509495951486225,50,9.85709207731645,2.70563476587775,50,30.2543775892252,1.57056594028178,50,-0.0221963832059345,0.119183127479615,50,30.2809741287464,1.56910999980714,50
"year179",179,86.7677838003949,3.46372599596068,50,15.2440395543112,0.511720029040565,50,9.91145363354815,2.7200433107368,50,30.35677235707,1.57610007594599,50,-0.0221919827173588,0.11915919518475,50,30.3833692574625,1.57471103656011,50
"year180",180,86.7710455761666,3.46218391115416,50,15.2942472784373,0.513921716398798,50,9.96579898501078,2.73445288896905,50,30.4593402167549,1.58160629340864,50,-0.0221873734778688,0.119134139206542,50,30.4859374585267,1.58028084806596,50
"year181",181,86.7755538067748,3.46071904172629,50,15.3430851683184,0.516106736386741,50,10.0200135696082,2.74883255964733,50,30.5601742524094,1.58701038518233,50,-0.0221827904654401,0.119109226759987,50,30.5867718300401,1.5857455237037,50
"year182",182,86.7809017018499,3.4593274245566,50,15.3906247262528,0.51827682152269,50,10.0740547343963,2.76316981600716,50,30.6589110458385,1.59230118579522,50,-0.0221782179457614,0.11908437044815,50,30.6855089578519,1.59109425738723,50
"year183",183,86.7869165448212,3.45800846862818,50,15.4369287637662,0.520431995059989,50,10.1279106938143,2.77746068359283,50,30.7554879767874,1.59747566539537,50,-0.022173649025566,0.119059532927824,50,30.7820862229961,1.59632419330749,50
"year184",184,86.7925540016663,3.45674190228081,50,15.4779011457077,0.522516719904146,50,10.1814571877502,2.79166943894471,50,30.8411520069749,1.60206767433907,50,-0.0221712861559183,0.119046680091126,50,30.8677504221665,1.60096757114375,50
"year185",185,86.7975730736137,3.45553111270164,50,15.5139970454902,0.524513254216703,50,10.2346712787273,2.8057889939357,50,30.9201189077422,1.60633145967904,50,-0.0221696248320967,0.119037642665663,50,30.9467173892316,1.60528029686063,50
"year186",186,86.8023232262059,3.45438377128985,50,15.5467264163407,0.526440404362035,50,10.2876089355329,2.81983446566232,50,30.995666371248,1.61043608627408,50,-0.0221679108330738,0.119028326455868,50,31.0222648896999,1.60943189854674,50
"year187",187,86.8070285232468,3.45329996005904,50,15.5767569257895,0.528317765759216,50,10.3403091733135,2.83381687833461,50,31.0684173528847,1.61440142254485,50,-0.0221661756172068,0.119018901160549,50,31.095015898747,1.61344203738463,50
"year188",188,86.8117725477471,3.45227684387114,50,15.6044120686446,0.53015684783923,50,10.3927912929663,2.84774200092928,50,31.1387019218287,1.61823847240926,50,-0.022164431322015,0.119009430377953,50,31.1653004916543,1.61732171815438,50
"year189",189,86.8189311564392,3.45135961842506,50,15.6296920391939,0.531964783108261,50,10.4453759077086,2.86170110009093,50,31.2269131231102,1.62302720704013,50,-0.0221570053236348,0.11896909306367,50,31.2535116815971,1.62215551623327,50
"year190",190,86.8303280138872,3.45056222518851,50,15.6527919144175,0.533745878460942,50,10.4983158742019,2.87576687115004,50,31.334268693536,1.62876431509256,50,-0.0221444059132529,0.11890065715069,50,31.3608671995696,1.62793867932067,50
"year191",191,86.8448338123842,3.44984359966525,50,15.6739520395197,0.535500674822157,50,10.5514681426572,2.88990075955388,50,31.4435689825903,1.63450562156718,50,-0.0221318941570348,0.118832704217017,50,31.4701674244265,1.63372240426095,50
"year192",192,86.8613765769801,3.44918931122059,50,15.6931607747292,0.537227434556287,50,10.6046923618219,2.90406361158679,50,31.5534483114511,1.64021757823109,50,-0.0221194194203207,0.118764951010737,50,31.5800466851834,1.63947390377645,50
"year193",193,86.8795110715494,3.4485992147451,50,15.7104669889721,0.538923489632036,50,10.6579359096228,2.91823934088591,50,31.6634070556596,1.64588682285706,50,-0.0221069625689319,0.118697293207013,50,31.6900053597055,1.64518021772033,50
"year194",194,86.8991041368867,3.44807697857084,50,15.7265634395399,0.540593688958837,50,10.7111890159501,2.93242405831394,50,31.7739819356013,1.65154655730393,50,-0.0220943533413993,0.118628806728528,50,31.8005801947678,1.6508748412938,50
"year195",195,86.9202058402927,3.44762697079871,50,15.7426986270705,0.542252201205721,50,10.7644667550861,2.94662126678504,50,31.886237976371,1.65725219735719,50,-0.0220813775675799,0.118558328051167,50,31.9128362568995,1.65661339280475,50
"year196",196,86.9426863300886,3.44724743450588,50,15.7581655956141,0.543893852337376,50,10.8177595911523,2.96082780918935,50,31.9987502483195,1.66292375357745,50,-0.0220684357006655,0.118488031042708,50,32.0253485682105,1.66231567846621,50
"year197",197,86.9664137956219,3.44693746030808,50,15.7727106847261,0.545510016643116,50,10.8710567565428,2.97504032444549,50,32.1113298306978,1.66855623543639,50,-0.0220555113852197,0.118417827303595,50,32.1379281954374,1.66797689773749,50
"year198",198,86.991306605182,3.44669672729997,50,15.786262066803,0.547094789952647,50,10.9243542527462,2.98925732336287,50,32.2238836219393,1.6741480137759,50,-0.0220425999920479,0.118347692752206,50,32.2504820333387,1.67359553561848,50
"year199",199,87.0165945274774,3.44651009358286,50,15.7981940584321,0.548636628034247,50,10.977553244908,3.00345043655185,50,32.330196630687,1.67937305353218,50,-0.0220313900040065,0.118286800637227,50,32.3567950707661,1.67884443496692,50
"year200",200,87.0341640770298,3.44621523779537,50,15.8016106671601,0.550040218978819,50,11.0295402314623,3.01730301984941,50,32.3644542898934,1.68077863398746,50,-0.0220396194740999,0.118331510043455,50,32.3910525401645,1.68025880243709,50
"year201",201,87.0454015436617,3.44590963983685,50,15.7994678508737,0.551313815667851,50,11.080498453402,3.03086402403593,50,32.387920970652,1.68183722653277,50,-0.0220475378062224,0.118374519598286,50,32.4145189715211,1.68132874901059,50
"year202",202,87.0531834421413,3.4456388389444,50,15.7935728196404,0.552489142378793,50,11.1308486972848,3.04424820234228,50,32.4050086152683,1.68266332551169,50,-0.022055341675362,0.118416921683085,50,32.4316063480343,1.68216681198897,50
"year203",203,87.0586546759145,3.44540332792172,50,15.7846963075105,0.553590008533314,50,11.1807577194479,3.05750480015344,50,32.4175556319268,1.68330945257106,50,-0.0220631020163916,0.118459100115359,50,32.4441530897496,1.68282458250088,50
"year204",204,87.0623056213142,3.44519451031511,50,15.7732098722007,0.55462925013416,50,11.2302965898418,3.07065639667153,50,32.4263817945922,1.68380128880887,50,-0.0220708455799809,0.118501195594975,50,32.4529789745151,1.68332748363255,50
"year205",205,87.0779842504032,3.44528866616893,50,15.7651577920668,0.555704139771716,50,11.281413829837,3.0842579440233,50,32.5496978472176,1.69038037698993,50,-0.0220459513405774,0.118365989372014,50,32.576294848279,1.68993977228661,50
"year206",206,87.1060338893438,3.44556675803309,50,15.7598042348234,0.556821503120189,50,11.3341868649669,3.09833671054848,50,32.7052851087881,1.69828354193898,50,-0.0220162244186224,0.118204563149229,50,32.7318819736787,1.69787238504051,50
"year207",207,87.1415237656032,3.44592083441702,50,15.7552514776364,0.557952239330976,50,11.3878970330984,3.11269792828419,50,32.8699947590014,1.70640881526084,50,-0.0219867734343791,0.11804463146694,50,32.8965914998954,1.7060216645393,50
"year208",208,87.1818677143727,3.44633131882747,50,15.7506278590449,0.559070762146375,50,11.4421706193396,3.12723404940384,50,33.0401209712395,1.71466181778253,50,-0.0219574531812424,0.117885397311479,50,33.0667175918688,1.71429533548486,50
"year209",209,87.2259779566582,3.44680627832613,50,15.7456076842552,0.560161953342674,50,11.4968574745237,3.14189818097633,50,33.2141285267101,1.7230009791523,50,-0.0219282116855163,0.117726583081656,50,33.2407250282339,1.72265267994379,50
"year210",210,87.264781974598,3.44717748310793,50,15.7405162052376,0.561198618405987,50,11.550664795566,3.15631969687612,50,33.3179475354005,1.7275533213729,50,-0.0219195857858097,0.117679747410143,50,33.3445440272466,1.72720713500575,50
"year211",211,87.2943965418031,3.44744904494979,50,15.7348142444581,0.562169310831736,50,11.6030240033136,3.17033234535712,50,33.3736099677381,1.72973897895353,50,-0.0219223077026322,0.117694524718577,50,33.4002065408696,1.72938933375719,50
"year212",212,87.3182758869069,3.44773012215487,50,15.7283924267929,0.563079161761336,50,11.6544482595022,3.18407381393342,50,33.4207369012278,1.7316645230208,50,-0.0219248204413759,0.117708153402452,50,33.4473335813599,1.7313143383557,50
"year213",213,87.3391453994313,3.44805518629025,50,15.721552662871,0.563934678905264,50,11.705351474323,3.19765964023608,50,33.4630844855938,1.73342070622896,50,-0.021927255003809,0.117721364086002,50,33.4896812809516,1.73307103325089,50
"year214",214,87.358097478977,3.44842155471035,50,15.7144140858708,0.564741099859237,50,11.7558981411442,3.21113945850174,50,33.5021470386538,1.73504912285204,50,-0.0219296594904438,0.117734418434314,50,33.5287439521942,1.7347001510339,50
"year215",215,87.3764686006847,3.44883819882559,50,15.707969335864,0.565512699917234,50,11.8062848023111,3.22457189755742,50,33.5461541217054,1.73696856378603,50,-0.0219299914743874,0.117736219710109,50,33.5727511851046,1.73662151959067,50
"year216",216,87.395555285664,3.44931207091229,50,15.7031658130617,0.566265615725069,50,11.8567036595671,3.23801370900708,50,33.5994307867551,1.73937312084884,50,-0.0219275071496338,0.117722726508981,50,33.6260280508849,1.73902921677573,50
"year217",217,87.4150035134865,3.44981797637954,50,15.6992857665412,0.566997093360943,50,11.9071035827577,3.25145243777488,50,33.6527768742152,1.74175105700512,50,-0.0219250797390112,0.11770954349296,50,33.6793743533211,1.74140926126165,50
"year218",218,87.4343508550674,3.45034372552288,50,15.6959576966804,0.567702175829116,50,11.9574138458174,3.26486925931011,50,33.7054852889086,1.74408477606344,50,-0.0219226739205533,0.117696474931024,50,33.7320829876315,1.74374445987349,50
"year219",219,87.4534300085838,3.45088584928013,50,15.6930259234999,0.568378104331381,50,12.0076098693289,3.27825710118328,50,33.7573027352163,1.74636752801174,50,-0.0219202765677647,0.117683449964619,50,33.783900655274,1.74602823470158,50
"year220",220,87.4720602282397,3.45144044339978,50,15.6901273630353,0.569021289392906,50,12.0576658336717,3.29160836010458,50,33.8070511170116,1.74853914370433,50,-0.0219181729630606,0.117672019101186,50,33.833649248126,1.74820027097095,50
"year221",221,87.48974790405,3.45199751237334,50,15.6861802980914,0.569621009241339,50,12.1075090316472,3.30490215036501,50,33.8512384351261,1.75042052329376,50,-0.0219172240299952,0.117666859486945,50,33.8778367305422,1.75008098039328,50
"year222",222,87.5066099275455,3.45256251038635,50,15.6817290054889,0.570180163913069,50,12.1571573985826,3.31814322873198,50,33.8936650067803,1.75222534746984,50,-0.0219162465880953,0.117661545521832,50,33.9202634537996,1.75188495136767,50
"year223",223,87.5228453217723,3.45313743194835,50,15.6770226858926,0.570704047938849,50,12.2066431106589,3.3313403893212,50,33.9346979528019,1.75396389057556,50,-0.0219152580999105,0.117656173383142,50,33.9612965475503,1.7536222671159,50
"year224",224,87.5385434602845,3.45372136398882,50,15.6721613911621,0.571196679210467,50,12.255980890017,3.34449793831542,50,33.9745218162269,1.75564144991413,50,-0.0219142655607601,0.117650780621467,50,34.0011205573654,1.7552981347686,50
"year225",225,87.5537522261714,3.45431281727715,50,15.6671879169738,0.571660730942009,50,12.304934386164,3.3572860233374,50,34.0132132752607,1.75723004061364,50,-0.0219132703434917,0.117645374148747,50,34.0398121622732,1.75688506279593,50
"year226",226,87.5682535079165,3.45490504486321,50,15.6617640540146,0.572094279156946,50,12.3532671133853,3.36931294249599,50,34.0486488309379,1.75862126529406,50,-0.0219128603100194,0.117643146762671,50,34.0752478511295,1.75827450944092,50
"year227",227,87.5821008462846,3.45549943955187,50,15.6560415718342,0.572498963099712,50,12.4011324242096,3.38082022546953,50,34.0826896358928,1.75993079260529,50,-0.0219124514028084,0.117640925641045,50,34.1092887855122,1.7595825737739,50
"year228",228,87.5954014307815,3.45609638257193,50,15.650106961695,0.572876976037251,50,12.4480967935096,3.39121873435073,50,34.1155163634227,1.76112974785423,50,-0.0219120371135642,0.117638675987993,50,34.1421156412597,1.76078103596852,50
"year229",229,87.6082101795845,3.45669497795043,50,15.6439979678195,0.573230037671474,50,12.4941399685412,3.40044065676237,50,34.1472150243371,1.76222882910802,50,-0.0219116212122481,0.117636418129605,50,34.1738144298845,1.76188079745035,50
"year230",230,87.6205605063547,3.4572941189034,50,15.6377347797596,0.573559422184212,50,12.5394762900887,3.40880327155905,50,34.1778797097078,1.76324766250286,50,-0.0219112041933346,0.117634154535748,50,34.2044792427375,1.76290109982334,50
"year231",231,87.6447750170518,3.45815404418336,50,15.635068677403,0.573934868422648,50,12.5861068619401,3.41699683873226,50,34.313485890981,1.76973760859824,50,-0.0218814333354459,0.117472446827168,50,34.340085580113,1.76941163732961,50
"year232",232,87.6830025262589,3.45921687888784,50,15.6362604030624,0.574368973279166,50,12.6344435190206,3.42520892222707,50,34.496167711038,1.77828304487556,50,-0.0218428408643933,0.117262855340688,50,34.5227675730452,1.77797723031726,50
"year233",233,87.7304686528114,3.46036596512146,50,15.6397762336293,0.574840777420408,50,12.6837578536378,3.4332873492681,50,34.6910789652888,1.7871187323214,50,-0.0218045823273928,0.117055082763843,50,34.7176790049142,1.78682740651813,50
"year234",234,87.7841260012422,3.4615730652747,50,15.6447270540159,0.575332230170897,50,12.7335839736431,3.4411338921706,50,34.893867364679,1.7961429349388,50,-0.0217664975235039,0.116848245344009,50,34.9204675834504,1.79586276835023,50
"year235",235,87.8426751794558,3.46284558546828,50,15.6507401401132,0.575833045065309,50,12.7837374097298,3.44872003088653,50,35.102700945008,1.80531048201521,50,-0.0217285263551389,0.116642020071079,50,35.1293013434047,1.80503922941151,50
"year236",236,87.8890741838036,3.46384771256117,50,15.6538197895669,0.576256381681158,50,12.831575851182,3.4553387333856,50,35.1759520437323,1.80730110688081,50,-0.0217296652975199,0.116648199847245,50,35.2025526324284,1.80701268289385,50
"year237",237,87.9111869670742,3.46447010936827,50,15.6512830854271,0.576540871460819,50,12.8751825756333,3.4604861128793,50,35.1143059210576,1.80267160313203,50,-0.0217636277621534,0.116832606097216,50,35.1409067118659,1.80235202129339,50
"year238",238,87.9163641319131,3.46497134657858,50,15.64510363393,0.576717356239976,50,12.9154986301285,3.46422784030146,50,35.0286751282204,1.79738133971454,50,-0.0217970540496435,0.117014081744016,50,35.0552761244177,1.79704147637093,50
"year239",239,87.9116203039659,3.46545120259041,50,15.6370723601835,0.576821270220977,50,12.9535277071086,3.46668543638107,50,34.9290547524546,1.79167422935212,50,-0.0218303107996917,0.117194665176328,50,34.9556559550496,1.79132045747996,50
"year240",240,87.8998505872615,3.46591097860738,50,15.6279125862544,0.576876098327738,50,12.9896361099898,3.4678922431019,50,34.8195427829013,1.78569775614628,50,-0.0218635349106069,0.117375098882096,50,34.8461441922154,1.78533433239224,50
"year241",241,87.886161739655,3.46641332418035,50,15.6185313177869,0.576911807431126,50,13.0248004584961,3.46829680188266,50,34.7346992729614,1.78120635858447,50,-0.0218876786291162,0.117506229567702,50,34.761300874432,1.78084225758126,50
"year242",242,87.8787712442788,3.46707006365644,50,15.6103138739139,0.576968404406061,50,13.0604154118383,3.46838220826343,50,34.716877612886,1.78025431571529,50,-0.0218926023413746,0.11753298111066,50,34.7434793713769,1.7799026021566,50
"year243",243,87.8755947469983,3.46775149740854,50,15.6029887517412,0.57703850892199,50,13.0959526289347,3.4678946199983,50,34.7048501705736,1.77944300913992,50,-0.0218977973743984,0.117561228785689,50,34.7314520763413,1.77910121667506,50
"year244",244,87.8735559984671,3.46839563203446,50,15.5958841736467,0.577110537669737,50,13.1310413508619,3.46686654528033,50,34.6942546422095,1.7786696726434,50,-0.0219030934587397,0.117590019428405,50,34.7208566921041,1.77833737020102,50
"year245",245,87.8714866200828,3.46899320286536,50,15.5887470513172,0.577176545151913,50,13.1653214154199,3.46507986180388,50,34.6834375785906,1.77791117984193,50,-0.0219084285609699,0.117619014125912,50,34.7100397713969,1.77758915572592,50
"year246",246,87.8692541392854,3.46955389068784,50,15.5811516394408,0.577230616000111,50,13.1984475689159,3.46223695229869,50,34.6743608250988,1.77732865925496,50,-0.0219130265676961,0.117643999603999,50,34.7009631430588,1.77701917694877,50
"year247",247,87.869448798909,3.47013841138355,50,15.5702614781434,0.577256266368542,50,13.23083990797,3.45836415359593,50,34.6880756908233,1.77799096815395,50,-0.021910859734021,0.117632237121228,50,34.7146779744738,1.77770025711001,50
"year248",248,87.8715182548953,3.4707162893901,50,15.5576620956527,0.577253372240688,50,13.2626159766651,3.45367689903735,50,34.7037316489594,1.77870259056544,50,-0.0219087422440828,0.11762075362144,50,34.7303338546813,1.77843066891188,50
"year249",249,87.87444869333,3.47127255629539,50,15.5437934522045,0.577226822135747,50,13.2937182965758,3.44827272205839,50,34.7200994753002,1.77943046030513,50,-0.0219066422626725,0.117609366944077,50,34.7467015892489,1.77917743462575,50
"year250",250,87.8778418690791,3.47180733938078,50,15.5288579995122,0.577179887968091,50,13.3238882946325,3.44189125589164,50,34.73672284305,1.78015143207683,50,-0.0219045476414419,0.117598009189094,50,34.7633248600841,1.77991792249004,50
"year251",251,87.8815340875813,3.47232367888303,50,15.5129622635423,0.577114053573101,50,13.3532289749854,3.43469234431612,50,34.7534354402291,1.78086195729615,50,-0.0219024550918266,0.117586662300465,50,34.7800373580605,1.78064865323838,50
"year252",252,87.8843021061563,3.47279973990076,50,15.5004247503127,0.577058243185154,50,13.3816239236739,3.42672742260455,50,34.7608578550242,1.78108383320696,50,-0.0219032401049469,0.117590946065006,50,34.7874598633277,1.78088926404307,50
"year253",253,87.8861169779752,3.47324743306287,50,15.4898457706817,0.577013885082507,50,13.4091204601334,3.41807320116087,50,34.7661874011148,1.7812269477338,50,-0.0219044319833472,0.117597429772409,50,34.7927895769009,1.78105184915716,50
"year254",254,87.8873803326338,3.47367712140517,50,15.4802583742221,0.576971713352339,50,13.435788604166,3.40876007629183,50,34.7709060030275,1.7813566660607,50,-0.0219056319419087,0.117603950879913,50,34.7975083688309,1.7812021035557,50
"year255",255,87.8882965006442,3.47409152993117,50,15.4712819520574,0.576924607558689,50,13.4614778903333,3.39861878001231,50,34.7751101924521,1.78149722253368,50,-0.0219068365482133,0.117610493904621,50,34.8017127556696,1.78136454053119,50
"year256",256,87.8889510985552,3.4744908658075,50,15.4627530216182,0.57686891840446,50,13.4863577465013,3.38782549034925,50,34.7788399850564,1.78164994009756,50,-0.0219080430793576,0.117617045646944,50,34.8054427483305,1.78154036651694,50
"year257",257,87.8899193907741,3.47488642272765,50,15.4537934858018,0.576798987799976,50,13.5105540996148,3.37644708783047,50,34.7866099850817,1.78203862390633,50,-0.0219079455147664,0.117616512698906,50,34.8132129101137,1.78195404349828,50
"year258",258,87.8914225922771,3.47527790148458,50,15.4443527139208,0.576712544298153,50,13.5341405805116,3.36453955687501,50,34.796791136712,1.7825587862678,50,-0.021907182424585,0.117612366917605,50,34.8233941929532,1.78250030121459,50
"year259",259,87.8932497693248,3.47565894485962,50,15.4347371670914,0.576611339168579,50,13.5571431275302,3.35217228849538,50,34.8071444279866,1.78309340940861,50,-0.0219064250876295,0.117608254349353,50,34.8337476067314,1.78306153112024,50
"year260",260,87.895240413841,3.47602777762001,50,15.4250466746922,0.576497535234076,50,13.5795634362097,3.33938408690775,50,34.8174995285096,1.78364041145982,50,-0.0219056687431635,0.117604147695419,50,34.8441028268333,1.78363571538933,50
"year261",261,87.8973304199365,3.4763848759317,50,15.4153228269014,0.576372679221758,50,13.6014203064035,3.32621218154273,50,34.8277975572918,1.7841999366569,50,-0.021904912812123,0.117600043427774,50,34.8544009740616,1.78422303779685,50
"year262",262,87.8993317779842,3.47672766900234,50,15.4061754795776,0.57624170246308,50,13.6225138774294,3.31248620411593,50,34.8366925737299,1.78470945604403,50,-0.0219045588162294,0.117598122515146,50,34.863296135013,1.78476108089233,50
"year263",263,87.9010502163762,3.4770544252005,50,15.3980839741122,0.576110029448118,50,13.6429535923249,3.29835026658353,50,34.8437140376589,1.78514920993477,50,-0.0219047176436845,0.117598985880982,50,34.8703177842299,1.78523002217055,50
"year264",264,87.9025637267425,3.47736915158634,50,15.3905898892037,0.575976728287221,50,13.6625767557737,3.28365356012517,50,34.8504013780336,1.7856186422159,50,-0.0219048797834216,0.117599864764361,50,34.8770053210999,1.78572998070958,50
"year265",265,87.9039617023898,3.47767376124044,50,15.383519687821,0.575840029199693,50,13.6815210107984,3.26852049632502,50,34.8568334572724,1.78611760746535,50,-0.0219050434120629,0.117600750479688,50,34.8834376002483,1.78626070684197,50
"year266",266,87.9052802463683,3.47796875507554,50,15.3767965647587,0.575699020766995,50,13.6998867540329,3.25305460392344,50,34.8630466661978,1.78664155090405,50,-0.0219052076901175,0.117601639074328,50,34.8896510102145,1.78681739234761,50
"year267",267,87.9065351014904,3.47825431981532,50,15.3703764995422,0.575553488138411,50,13.7177266860547,3.23731517444545,50,34.8690585652432,1.78718724736859,50,-0.0219053720683542,0.117602527872661,50,34.8956631104533,1.78739666377703,50
"year268",268,87.9077339939448,3.4785306174683,50,15.3642200550771,0.575403535367398,50,13.7350390361098,3.22130974573966,50,34.8748735627394,1.78775734547122,50,-0.0219055359128299,0.117603413597771,50,34.9014783083908,1.78800116503265,50
"year269",269,87.9088813787714,3.47879784245261,50,15.3583202527677,0.575249620233853,50,13.7518164354068,3.20503749608959,50,34.8804945324147,1.78835589984479,50,-0.0219056994834784,0.117604297775996,50,34.9070994782526,1.78863500626684,50
"year270",270,87.9099803128685,3.47905621968038,50,15.3526676356041,0.575092298484702,50,13.768107866996,3.1885515217327,50,34.8859307318582,1.78898402761877,50,-0.0219058628638697,0.117605180898017,50,34.9125358777365,1.78929927578213,50
"year271",271,87.9110332146838,3.47930599259184,50,15.3472522284146,0.574932120461255,50,13.7839534542256,3.17190126576624,50,34.8911931526115,1.78964306605498,50,-0.0219060260799745,0.117606063118205,50,34.9177984984067,1.78999524911521,50
"year272",272,87.9120421813163,3.47954741303084,50,15.3420641774857,0.574769604126492,50,13.79937560583,3.15511827280023,50,34.8962899432554,1.79033175027533,50,-0.0219061891389788,0.117606944481227,50,34.9228954888456,1.79072163611234,50
